B0F43SVNYR,"""Juguete para gatos Toozey, juego eléctrico de escondite con 3 plumas intercambiables, recargable, juguete inteligente de autoentretenimiento con control remoto, verde.""",29.99,N/A,N/A
B0FD39G92L,"""Cepillo Térmico Automático de 40 mm 4 en 1, Tenaza Rizada con 3 Niveles de Temperatura, Calentamiento Rápido en 30 segundos, Cepillo Rizador Caliente, Cepillo Redondo para Varios Tipos de Cabello.""",21.99,N/A,N/A
B0FJ8CY9TN,"""Correa de perro YFbrite impermeable con iluminación y 15 modos de parpadeo - Correa para perros de luces LED súper brillantes para perros pequeños, medianos y grandes - Correas de perro recargables tipo C con""",32.56,N/A,N/A
B0DK6HGT2M,"""Set de rodillos de pintura VOOMEY de 28 piezas de 18 pulgadas, cubeta y bandeja para pintura, rodillo de espuma de 4 pulgadas con mango extensible de 40 pulgadas.""",,N/A,N/A
B0DKNDTKVC,"""Comedero de cerámica de alimentación lenta para perros, tazón anti-asfixia con diseño de laberinto, pesado y antideslizante, apto para lavavajillas, para cachorros y perros pequeños, medianos y grandes.""",22.99,N/A,N/A
B0DZ2L25JG,"""Alisador y rizador de cabello Annlary 2 en 1 con placas de cerámica y iones de titanio, voltaje dual (110-240V) para un cabello liso y libre de frizz.""",,N/A,N/A
B0BVWLQ6VQ,"""Safe Age® Carro de la compra con compartimento refrigerado y función de carretilla plegable con ruedas – Carrito de la compra – Trolli""",59.0,24f. x 45an. x 103al. centímetros,N/A
B08Q3S3ZF3,"""Juego de té de vidrio Aoheuo Lazy Kungfu con tapa giratoria para desviar el agua, tazón de vidrio semi-automático (vidrio)""",59.99,N/A,N/A
B0F7RCVNG7,"""DYGG 6 PCS Juego de Sartenes Antiadherentes de 20, 26 y 28 cm con Tapa - Sartén Rosa Sin Tóxicos, Granito Antiadherente 100% Libre de PFAS y PFOA, Compatible con Inducción, Gas y Todas las Cocinas""",99.99,N/A,5.13
B0CC2B3H97,"""Luces de tira LED WiFi inteligentes COB RGB de 10M, 576 LEDs/m, 5760 LEDs, 24V, compatibles con Google Home Assistant/Alexa, regulables y deformables, con control remoto WiFi.""",59.95,N/A,N/A
B0DG27PSDF,"""LINGQIAN Kit de fabricación de velas de soja con caldereta eléctrica, paquete para hacer velas aromáticas, incluye 2 libras de cera de soja, mechas, fragancias, colorantes, frascos.""",59.99,‎ 25 x 21 x 18 cm,2690.0
B0FH7D8S7Z,"""Xforst Forst Tenaza Forestal X-GF300 – Pinza para Troncos de 300 mm – Herramienta para Elevar y Transportar Leña – Acero Negro con Mango Amarillo Antideslizante""",26.16,‎ 44 x 20 x 2 cm,1250.0
B0FRDKLKMT,"""Mesa de coche para el asiento trasero del copiloto, escritorio con soporte para bebidas y para teléfono móvil, bandeja para ordenador portátil, mesa para coche, mesa de comedor multifuncional.""",,N/A,N/A
B0DSB75K8N,"""Mesita de respaldo para el asiento trasero del automóvil, escritorio con soporte para bebidas y soporte para teléfono móvil, mesa de comedor multifuncional para niños y adultos, plegable, ajustable, capacidad de carga 15""",,N/A,N/A
B0FBGL8C7L,"""Lámpara de Escritorio Newrays con Base de Cristal Blanco Mate, Lámpara de Mesa Regulable sin Pasos, Conexión a la Red para Estudio, Oficina en Casa, Biblioteca, Bombilla LED incluida.""",72.99,N/A,N/A
B0D2T1VH1K,"""LETPOT LPH-SE WiFi Sistema de Cultivo Hidropónico, Kit de Jardín de Hierbas Inteligente de 12 Cápsulas para Interiores, Jardín Interior con Luz de Crecimiento LED de 24W, Tanque de Agua de 5,5L""",145.66,"43,9f. x 18,8an. x 20,8al. centímetros",N/A
B0CYT98G87,"""2 en 1 - Juego de peluquería trenzada con taladro, diamante brillante DIY para niñas, cortapelos y accesorios.""",,‎ 20 x 7 x 5 cm,340.0
B000VGXK9G,"""CASIO A158 - Unisex Adultos, Reloj de pulsera de acero inoxidable, Pulsera""",32.19,N/A,N/A
B0BRZZZPFH,"""Zapatos de agua para hombres y mujeres, zapatos descalzos para playa, natación, yoga, de secado rápido, ligeros, zapatos de fitness, zapatos de interior, A1006 Rosa, 38 EU.""",,"‎ 26 x 9,6 x 6,4 cm",240.0
B0C1J3L5XL,"""Botas IceUnicorn Barefoot de Invierno para Hombre y Mujer, Botines Cálidos de Nieve""",35.99,N/A,N/A
B0CHFBLGWB,"""IceUnicorn Zapatillas Barefoot para Niños, Zapatillas Outdoor para Trail Running, Zapatillas de Playa para Niños y Niñas, Escarpines Antideslizantes""",,‎ 10 x 8 x 3 cm,100.0
B0D5PKV23F,"""IceUnicorn Niños Zapatillas Barefoot para Correr al Aire Libre, Zapatillas de Playa para Niños y Niñas, Escarpines Antideslizantes de Agua""",41.39,‎ 10 x 8 x 3 cm,100.0
B0D3T7HN9F,"""IceUnicorn zapatos minimalistas para hombre y mujer, ancho, calzado de trail, chanclas, calzado de trail unisex.""",29.99,N/A,N/A
B079GM9G5G,"""Allegra K Blusa de Encaje Floral Semitransparente con Ribete Festoneado para Mujer""",28.99,N/A,N/A
B096R73BYK,"""Santic Pantalones de Ciclismo para Hombre de Invierno, Térmicos, Forrados, MTB, Pantalones Largos Acolchados de Bicicleta de Polar, Mallas Largas Negras.""",25.99,N/A,N/A
B0DXF5S9SR,"""Vestido de Comunión Largo Chic para Niñas Aibaowedding, Vestidos de Verano Elaborados con Tul Bordado y Cinturón de Satén / Vestidos de Dama de Honor Boho en Corte A, Vestidos de Flora para Niñas de 2 a 12 Años""",45.0,N/A,N/A
B0C6XG86SD,"""WILLIT Pantalones capri para mujer, vestido de yoga, pierna ancha, negocios, casual, capris, pantalones de trabajo, elásticos, cintura alta, 21''""",,‎ 20 x 10 x 5 cm,480.0
B0C9BZJTXD,"""Beroy pantalones de equitación para niños con ribete completo de silicona para niñas, con trabillas para cinturón y funda para teléfono móvil.""",39.54,N/A,N/A
B0C9C9ZVHR,"""Pantalones de equitación para niños con ribete completo de silicona, diseñados para niñas, con trabillas para cinturón y funda para teléfono móvil.""",34.53,N/A,N/A
B0D1XG27SS,"""Camisas de vestir para hombre URRU, de ajuste slim, con estiramiento, cuello con banda, de manga corta, casual, con botones.""",43.74,N/A,N/A
B094HXXBZ2,"""HCSS Shorts Pantalones Cortos de Verano de Algodón para Hombres, Pantalones Cortos Tipo Bermuda Casual con Bolsillos y Cintura Elástica Grande""",33.98,N/A,N/A
B0796NDPH8,"""Pantales de Yoga Safort para Mujeres, Pantalones Largos de Corte Acampanado con Espalda en V, con 4 Bolsillos, Pantalones de Cintura Alta y Elástico para Correr""",42.63,N/A,N/A
B0CDFXN8FN,"""Pantalones Chinos para Hombre de Algodón, Ajuste Slim, Casual, de Tela Elástica""",35.99,N/A,N/A
B00LDXI4H4,"""Likemary Pantalones Harem de Una Pieza para Mujeres - Elegantes, Informales y Livianos. Mono Harem 2 en 1. Conjunto de Verano Liviano: Sin mangas, Hombros al Descubierto, Espalda Descubierta.""",36.0,N/A,N/A
B0DP52NPLR,DESCONOCIDO,N/A,N/A,N/A
B0DNMXVR4G,DESCONOCIDO,N/A,N/A,N/A
B0DP7H5RT1,DESCONOCIDO,N/A,N/A,N/A
B0DKTNRKMX,DESCONOCIDO,N/A,N/A,N/A
B0DP7GTD5G,DESCONOCIDO,N/A,N/A,N/A
B0DH8C61VH,DESCONOCIDO,N/A,N/A,N/A
B0DK54R7Q6,DESCONOCIDO,N/A,N/A,N/A
B0DM99MSF1,DESCONOCIDO,N/A,N/A,N/A
B0DJ1F9JSB,DESCONOCIDO,N/A,N/A,N/A
B0DJ1GSQ46,DESCONOCIDO,N/A,N/A,N/A
B0DKTN768X,DESCONOCIDO,N/A,N/A,N/A
B0DPJ2125G,DESCONOCIDO,N/A,N/A,N/A
B0DJ1FMHVW,DESCONOCIDO,N/A,N/A,N/A
B0DK54XPQ7,DESCONOCIDO,N/A,N/A,N/A
B0DN1SD7DL,DESCONOCIDO,N/A,N/A,N/A
B0DN1VL1NM,DESCONOCIDO,N/A,N/A,N/A
B0DKTN5767,DESCONOCIDO,N/A,N/A,N/A
B0D9HFDFWF,"""Jersey de fútbol para niños Mbappé Madrid No #9 No #7, Nueva Temporada Especial, Jersey y Pantalones Cortos para Niños Unisex, Jersey Deportivo, Jerseys de Entrenamiento de Fútbol, Jersey Infantil con Pantalones Cortos de Fútbol.""",,N/A,N/A
B0DNMT86B5,DESCONOCIDO,N/A,N/A,N/A
B0BRZVJFGH,"""COSDREAMER Disfraz unisex de clérigo, casulla católica para misa.""",39.99,N/A,N/A
B0D4HTQ4N2,"""Aelfric Eden Herren Camiseta Oversized para Mujer Y2K Camiseta Baggy de Verano Vintage Raglán Pesada Casual con Impresión""",42.98,N/A,N/A
B0C9MG4MCX,"""Aelfric Eden Vintage Camiseta Oversized para Hombres Camiseta Casual Femenina de Verano Jersey Camisa Casual con estampado""",47.99,N/A,N/A
B0DM993LTY,"""Aelfric Eden Camisetas para hombres de gran tamaño, camiseta de fútbol de manga corta, camiseta holgada, camiseta deportiva, retro, raglán, ropa urbana.""",51.24,N/A,N/A
B0DJ8T6QXL,"""Camiseta de gran tamaño para hombres Aelfric Eden, camiseta Y2K para mujeres, camiseta holgada de verano vintage, con raglán, camiseta pesada casual con estampado.""",42.99,N/A,N/A
B0C9MH5S42,"""Camiseta Oversized Vintage Aelfric Eden para Hombres, Camiseta Casual Femenina de Verano, Jersey Camisa Casual con impresión.""",47.99,N/A,N/A
B095H52WNM,"""Mujer 7 PCS Conjunto de Pijama de Satén con Tops y Pantalones Cortos Primavera Verano Ropa para Dormir""",32.9,N/A,N/A
B0CBX4NP7X,"""Pantalón de moto para hombre con protecciones, pantalones de moto transpirable para hombre, disponible en una amplia variedad.""",58.99,N/A,N/A
B0F2F78LP7,"""Pantalones Anchos de Verano para Mujer, de Tiro Alto, Transpirables, con Estilo Casual Elegante y Dos Bolsillos.""",24.99,N/A,N/A
B0BKRRPJHW,"""Conjunto de Chaleco de Jacquard Paisley Clásico para Hombre de 5 Piezas Alizeal""",34.16,N/A,N/A
B0D7ZSZ1M5,"""PrinStory Pantalones de pierna ancha para mujer, ligeros, de verano, con cordón, de cintura alta, casuales y rectos.""",33.99,N/A,N/A
B0C611X2NT,"""PrinStory Pantalón de Mujer con Pierna Ancha, Ligero, con Cintura Elástica, Pantalón de Verano con Bolsillos, Pantalón Casual de Trabajo""",33.98,N/A,N/A
B0D7ZRSG6R,""" pantalones de pierna ancha PrinStory para mujer, livianos, de verano, con cordón, de cintura alta, casuales y rectos.""",33.99,N/A,N/A
B0B418PP4B,"""Chaqueta ligera floral de día St. para mujer de Allegra K con cierre Patrick""",43.97,N/A,N/A
B0B6R11SC5,"""Chaleco sin mangas Allegra K para dama, con botones, de jacquard, estilo vintage.""",48.99,N/A,N/A
B0BP76NMXJ,"""Pantalones cargo para mujer Hewlshawn Y2K, de corte holgado, estilo gótico, de pierna ancha, punk Harajuku""",41.56,N/A,N/A
B0BP79DYK4,"""Hewlshawn Pantalones cargo para mujer, estilo Y2K, holgados, estilo gótico, pierna ancha, estilo punk, Harajuku.""",41.56,N/A,N/A
B0BP773X3B,"""Hewlshawn Pantalones cargo para mujer, estilo Y2K, holgados, de estilo gótico, pierna ancha, estilo punk, Harajuku.""",41.56,N/A,N/A
B0BP79HT77,"""Pantalones cargo para mujer Hewlshawn Y2K, de corte holgado, estilo gótico, de pierna ancha, punk, Harajuku.""",41.56,N/A,N/A
B0D96476FN,"""Pantalones de pierna recta ancha para mujer, pantalones ligeros con cintura elástica, bolsillos y cordón.""",,N/A,N/A
B07X2RQDV2,"""Camiseta de ciclismo para hombre LAMEDA, jersey de MTB con mangas cortas"".",29.99,N/A,N/A
B0CZNVYCG9,"""Camisa Polo para Hombre VAYAGER de Manga Corta, Secado Rápido, Transpirable, Ideal para Golf y Tenis, Camisa Polo de Verano con Botones""",,N/A,N/A
B0CZNSN9SN,"""Polo para hombre VAYAGER de manga corta, de secado rápido y transpirable, ideal para golf, tenis, verano, con botones.""",,"‎ 28,7 x 24,9 x 2,9 cm",280.0
B0CZNRKFYT,"""Camisa Polo de Hombre VAYAGER de Manga Corta, Secado Rápido, Transpirable, para Golf y Tenis, Camiseta de Verano, con Botones""",,N/A,N/A
B0D1KL8YZN,"""Pantalones chinos para hombre, de algodón, ajustados, informales y elásticos.""",35.99,N/A,N/A
B0CCKLBVX5,"""Blusa de lino para mujer, con botones, de manga larga, con solapa, bolsillo en el pecho, de lino y algodón.""",29.99,N/A,N/A
B0CCKK346H,"""Camisa de lino para mujer, blusa de botones, de lino y algodón, de manga larga, con solapa y bolsillo en el pecho.""",29.99,N/A,N/A
B0CCKJTJXT,"""Camisa de lino para mujer, con botones, blusa de lino, algodón, de manga larga, con solapa, en un solo color, con bolsillo en el pecho.""",29.99,N/A,N/A
B0CCJ7YJL4,"""Camisa de mezclilla para mujeres, blusa de mezclilla con botones, de manga larga, suave, casual, chaqueta de mezclilla, tops de primavera y otoño con bolsillos en el pecho.""",36.99,N/A,N/A
B0BWX95JM3,"""Camisas elegantes de otoño para mujer, con cuello en V, informales, de manga larga, vaqueras y con botones.""",19.99,N/A,N/A
B0CWR8BM4P,"""Pantalones cortos de golf y senderismo para mujer WILLIT, shorts cargo cortos, de secado rápido, deportivos, elásticos, casuales para el verano, pantalones de trekking ligeros para actividades al aire libre con bolsillos de 7 pulgadas.""",42.04,N/A,N/A
B0CR15MMTV,"""Shorts de baño para mujer WILLIT de 5 pulgadas de secado rápido, con cintura alta y bolsillo interno.""",36.77,N/A,N/A
B0C999S9MK,"""Sudaderas de algodón para hombres WILLIT, pantalones de yoga, pantalones deportivos con fondo abierto, joggers atléticos y pantalones de lounge para hombres con bolsillos.""",43.08,N/A,N/A
B0C6X31PHW,"""Shorts cargo para mujer WILLIT de 10” Stretch, rápidos para secar, ideales para golf, senderismo y viajes de verano al aire libre, ligeros.""",41.78,N/A,N/A
B0C6WW54TF,"""WILLIT Pantalones cortos de senderismo para mujer, pantalones cortos de verano, pantalones cargo para ciclismo, elásticos, pantalones de golf, de secado rápido, para senderismo, exteriores, ligeros, con""",41.78,N/A,N/A
B0BYMPS7BH,"""WILLIT Bañador para mujer, traje de baño de secado rápido, pantalones cortos de verano, cintura alta, protección UVA UPF50+, de 7 pulgadas, con bolsillos.""",30.15,N/A,N/A
B0CCVLK27H,"""Leggings de equitación para mujer, de silicona, con bolsillo para el teléfono móvil, cintura alta, forro polar, pantalones de equitación para niñas, pantalones de equitación elásticos y""",,"‎ 25,6 x 23,3 x 5,5 cm",280.0
B08S3P8MBQ,"""Overoles sueltos de algodón con bolsillos PV2 para mujer de YESNO""",65.99,N/A,N/A
B08S3TR336,"""Overoles sueltos de algodón con bolsillos PV2 para mujer de YESNO""",65.99,N/A,N/A
B0DMP3QSDY,"""Conjunto de pijama de mujer de manga corta de PrinStory con pantalones largos, ropa de dormir con bolsillos.""",24.99,N/A,N/A
B08PPGFKL7,"""Souke Sports Pantalones de Ciclismo para Hombre con Almohadilla 4D, Shorts de Ciclismo para Hombre, Pantalones de Bicicleta con Almohadilla, Transpirables y de Secado Rápido sin Deslizamiento""",34.99,N/A,N/A
B0DG58KDWV,"""WILLIT Chaqueta de ciclismo para hombre, impermeable, con capucha, ligera, cortavientos, transpirable, plegable, ideal para golf, ciclismo, senderismo y correr al aire libre.""",60.02,N/A,N/A
B07G412W5Y,"""Chaqueta Bezioner para Ballet, Danza, Yoga de Algodón, Cárdigan de Manga Larga para Niña y Mujer""",18.5,"‎ 19,2 x 15,4 x 2,8 cm",120.0
B0DQT7GHDM,"""MoFiz Mujer Vestido de Tenis sin Mangas con Pantalones Cortos, Vestido de Polo de Verano con Cuello en V, Vestido Deportivo de Golf con Bolsillos""",27.99,N/A,N/A
B0CS6YG3KY,"""Traje de baño menstrual CityComfort para chicas y adolescentes con tirantes ajustables, protección absorbente y UPF 50+""",18.92,N/A,N/A
B0DN9X7CPX,"""ZAAYO Y2K Tiras de Hombro Descubierto para Mujeres, Camisetas Ajustadas Sexy de Verano, Camisetas de Doble Capa""",25.49,N/A,N/A
B07ZH2TZ35,"""Camiseta de danza de manga larga para niñas, mallas de entrenamiento de gimnasia, equipamiento de competición para niñas de 3 a 12 años.""",20.99,N/A,N/A
B0D9878RR1,"""Arshiner Camiseta de Manga Larga de Gasa para Niñas con Puntos y Cuello Arrugado, Elegante para Otoño e Invierno, Camisas de Manga Larga para Niñas de 4 a 13 años.""",19.99,N/A,N/A
B07X82QQCC,"""Trudge Ropa de Ballet para Niñas - Vestido de Manga Corta de Algodón con Leotardo y Falda de Tutú - Traje de Danza""",19.49,‎ 28 x 18 x 1 cm,180.0
B0CGZPXFP8,"""Braga reductora de vientre plano, faja moldeadora y reductora, fajas reductoras para mujer, fajas reductoras tipo tanga, faja reductora para mujer negro y beige, talla XL/XXL.""",,"‎ 18,7 x 14,6 x 1,9 cm",1.0
B0CGZPXLZ5,"""Faja moldeadora y reductora, fajas reductoras para mujer, fajas reductoras tipo tanga, faja reductora para mujer, bragas para mujer, bragas invisibles negro y beige, tamaño XXXL.""",,"‎ 18,7 x 14,6 x 1,9 cm",1.0
B09MVMN181,"""KUMAYES bodysuits moldeadores para mujeres, corset, faja reductora, body reductor, lencería ajustada debajo del busto, moldeador con doble control de abdomen, levanta glúteos, body para el posparto.""",38.99,N/A,N/A
B01D3VZY58,"""Camisa de negocio para hombre slim fit Seidensticker Seidensticker (paquete de 1)""",45.89,N/A,N/A
B096VR2KF9,"""Shorts de pijama para hombre MoFiz, cortos de algodón a cuadros casuales con bolsillos""",32.29,N/A,N/A
B09MVN25SS,"""KUMAYES bodysuits fajas para mujeres corset faja reductor de cuerpo reductor de lingerie debajo del busto faja con doble control de abdomen levanta glúteos bodysuit posparto""",38.99,N/A,N/A
B0DKXVLT26,"""Arshiner Vestido de Una Sola Manga para Niñas, Elegante y Festivo, con Escote Volante, Sin Mangas, Vestido de Fiesta para Niñas de 5 a 13 Años.""",24.99,N/A,N/A
B0DKXZ5LWS,"""Vestido de Una Sola Manga para Niñas Arshiner, Elegante y Festivo para Verano, con Escote con Volantes, Sin Mangas, Ideal para Fiestas, para Niñas de 5 a 13 Años.""",24.99,N/A,N/A
B09QQNDHVX,""" sujetadores deportivos para mujeres, paquete de 3, bras de yoga con espalda cruzada, soporte medio con almohadillas removibles""",23.89,N/A,N/A
B0DP1WN77Z,"""Pantalones de lino Niwicee para mujer, frescos y anchos para el verano, de cintura alta, elásticos, largos, tipo palazzo, para playa, con bolsillos y cordón.""",17.49,N/A,N/A
B0GD58V586,"""COOFANDY Camisa Henley de manga larga para hombre, de lino y algodón, casual, ajuste regular, camisas de verano, beige, L""",,N/A,N/A
B09VC9ZMF9,"""Camiseta sin mangas con escote en V casual para mujeres MISS MOLY""",27.47,N/A,N/A
B0D3QJ7V94,"""T-shirt elegante GORGLITTER para mujer, casual, de manga corta y con escote en V.""",33.59,N/A,N/A
B0FS18MKWS,"""Camiseta de manga larga para mujer, sexy, estilo Y2K, crop top cruzado con borde de encaje elegante, cuello en V, t-shirt con lazo ajustable, blusa casual ajustada, camisas para fiesta de noche y streetwear.""",19.99,N/A,N/A
B0DT66QM51,"""Niwicee Body Shaper para Mujeres Fajas Reductoras Shapewear de Malla con Control del Abdomen Cruzado Traje de Cuerpo Invisible Reductor Postparto con Almohadillas Removibles""",20.89,N/A,N/A
B0F4QMY7GQ,"""Niwicee Body Moldeador para Mujer, Faja Reductora Abdominal Posparto, Control Body Shaper Invisible, Shapewear de Encaje Sexy, Body Reductor para Mujer con Tirantes Ajustables.""",32.99,N/A,N/A
B0F624DNH2,"""Niwicee Body Reductor para Mujer, Body Moldeador, Fajas Reductoras Adelgazantes, Control de Abdomen, Shapewear Postparto con Almohadillas Extraíbles, Bodysuit.""",19.66,N/A,N/A
B0DP2FVYZF,"""Niwicee Pantalones de Lino para Mujer Verano de Algodón Casual Sólido Sueltos de Pierna Recta Palazzo con Cintura Alta Elástica y Bolsillos""",23.48,N/A,N/A
B0DQTFPPXB,"""Faldita Bezioner para mujer hasta la rodilla, falda de tenis de cintura alta, skort de golf, falda deportiva con bolsillos y pantalones cortos integrados.""",29.5,N/A,N/A
B0CJHHWFCT,"""Santic Pantalones de Ciclismo para Hombre Invierno Térmicos con Forros MTB Rellenos Pantalón Largo para Bicicleta Polar Mallas Largas Acolchadas en Negro""",25.99,N/A,N/A
B0CWCW49JY,"""Vetinee Chaqueta de mezclilla para mujer, de manga larga, con bolsillo, Rojo Verdadero, XL""",,"‎ 29,3 x 10 x 9,8 cm",490.0
B015R4DWYE,"""Camisa de camuflaje BDU de WorldShopping4U, para hombre, con mangas largas y coderas, ideal para practicar Airsoft y Paintball, color TYP, tamaño grande.""",,"‎ 30,8 x 19,8 x 8,8 cm",460.0
B015R3IN2G,"""ATAIRSOFT Camiseta de Manga Larga para Hombre con Almohadillas en los Codos para el Ejército de Airsoft""",,"‎ 30,1 x 19,6 x 7,6 cm",467.0
B01GEA813M,"""ATAIRSOFT BDU Camiseta Militar de Manga Larga con Almohadillas para Codos Airsoft Camo XXL""",,N/A,N/A
B015R4PGM0,"""Camiseta BDU de combate y camuflaje Kryptek Typhon para hombre, de manga larga con coderas, ideal para ejército táctico militar en Airsoft y Paintball.""",,‎ 26 x 17 x 8 cm,430.91
B0DWMGSXVS,"""Destacador de sujetador sin aros HBselect para mujer con cómodas almohadillas minimizadoras, sujetador tipo bralette con efecto push up, sin costuras y con extensor extra.""",34.99,N/A,N/A
B0D4F1FNWZ,"""Overoles de mezclilla para mujer Vetinee, de corte holgado con bolsillos.""",42.99,N/A,N/A
B0CW9NTXQ9,"""Chaqueta de mezclilla tipo camionero para mujer Vetinee con botones""",,N/A,N/A
B0BG2GCDNP,"""Blusa Casual de V-Cuello para Mujeres Nonsar 100% Algodón, Corte Suelto, Color Sólido, Elegante, con Bolsillo""",28.99,N/A,N/A
B0DJ6XN9BD,"""Manta de Enfriamiento Doble Cara HOMFINE – Q-MAX>0.45 Mantas para Sofá/Cama Verano, Sábana Enfriadora Suave y Transpirable, Antiestática, Manta Enfriadora, Gris Oscuro 150 x 200 cm""",45.99,N/A,N/A
B0C46C1HRV,"""FLOKY Calcetín RUN UP MEDIUM"" se traduce como ""Calcetín RUN UP MEDIUM de FLOKY"".",31.6,N/A,N/A
B0CG8P5YWB,"""HBselect 3 Piezas Sujetador de Maternidad y Lactancia, Sujetador Sin Costuras con Extensiones Adicionales, para Lactancia y Sueño Sin Aro para Mujeres""",26.99,N/A,N/A
B097CDVXFK,"""Sombrero de Vaquero Leatherick de Piel Suede, estilo australiano, hecho de cuero de vaca genuino.""",34.99,N/A,N/A
B0CST169VN,"""Funda de Almohada de Seda Pura de Morera 19 mm Townssilk, Ambos Lados, para Cabello y Piel, Salud, Cremallera Oculta, 600 Hilos, 1 Unidad, 80 x""",45.99,"‎ 29,6 x 21,7 x 2 cm",160.0
B0DX9WV1L5,"""Townssilk - Funda de almohada 100% seda de morera pura, 80 x 80 cm, reversible, para la salud del cabello y la piel, con cierre oculto, 1 pieza, 80 x 80 cm, azul.""",45.99,N/A,N/A
B0DHZPX6RT,"""SAMILY Conjunto de camisetas interiores para niña con calzoncillos de algodón""",36.88,N/A,N/A
B0CKTT4P4Z,"""Boxer Channo para hombres de nylon sin costuras, suave, elástico y cómodo - Colección Uomo""",36.99,N/A,N/A
B0CQLP7DNQ,"""Boxers de Nailon sin Costuras para Hombre Channo, Suaves, elásticos y cómodos - Colección UOMO""",31.34,N/A,N/A
B0CRZG2J8K,"""Paquete de 6 bóxers deportivos para hombres Nuofengkudu, ropa interior abierta anti rozaduras, elastano y poliéster, ajustados, cómodos, transpirables y secos, ideales para deportes, running y como regalo juvenil.""",38.99,N/A,N/A
B09KC3WR4B,"""Calzoncillos boxer suaves, cómodos y elásticos. Algunos de licra sin costuras y otros de algodón con goma.""",36.99,N/A,N/A
B09KC3YXYD,"""Calzoncillos boxer suaves, cómodos y elásticos. Unos de licra sin costuras y otros de algodón con goma.""",36.99,N/A,N/A
B08XW4WMMF,"""Boxers de nailon sin costuras para hombre, suaves, elásticos y cómodos - Colección UOMO""",31.34,N/A,N/A
B09D7TTXRG,"Manta de Yoga MoKo, [69.5 x 189 cm] Toalla de Yoga de Poliéster y Nailon Antideslizante con Bolsillos en las Esquinas para Esteras, de Secado Rápido para Gimnasio, Pilates y Playa.",22.95,N/A,N/A
B0CTRQBW3Z,"""DANISH ENDURANCE Calcetines Cortos de Correr, Calcetines Deportivos Antiampollas, Técnicos, para Deportes, para Hombre y Mujer, Paquete de 3""",27.95,N/A,N/A
B0DZHL676W,"""BERMUDAS DE CICLISMO PARA HOMBRE DANISH ENDURANCE, DE VERANO, CON FOAM 3D, ANTIDESLIZANTES Y TRANSPIRABLES""",41.95,N/A,N/A
B0BZRWX2DG,"""MIULEE Fundas de Sillas de Comedor Ajustables de Terciopelo Elástico, Funda para Decoración de Asiento de Silla, Pack de 6 Fundas para Cubrir Sillas en Azul Marino, Adecuadas para Comedor, Sala de Estar, Oficina, Banquete.""",,38f. x 38an. x 3al. centímetros,N/A
B0DZ3P2B54,"""DANISH ENDURANCE Calzoncillos Bóxer de Bambú para Hombre, Extra Largos, Suaves y Elásticos, Pack de 3 y 6""",53.95,N/A,N/A
B0DJJS6XMJ,"""Acrawnni Corsé para mujer con hombros descubiertos, cordones y varillas, estilo vintage, estampado floral, encaje, vendaje moldeador, lencería, top moldeador.""",23.87,N/A,N/A
B0F24W3KPT,"""Camiseta Deportiva para Hombre DANISH ENDURANCE, Sin Mangas, Materiales Reciclados, Paquete de 1 o 2 - Ropa Deportiva para Hombre, Running, Gimnasio, Crossfit""",38.95,N/A,N/A
B0BZNFH9RZ,"""FINETOO Pack de 4 Calzoncillos para Mujer, Cintura Alta, Tangas Sin Costuras, Ropa Interior Femenina, Paquete Múltiple S-3XL, A-4er, S…""",29.99,N/A,N/A
B0C66JKP8K,"""Suita para Perro Después de la Operación, Traje de Recuperación para Perros Tras la Cirugía, Traje de Protección de Heridas de Manga Larga, Alternativa a los Collares para Perros""",30.3,N/A,N/A
B0B5DPDFLD,"""IBAKOM Vestido de ballet para niños y niñas, disfraz de El lago de los cisnes, tutú, vestido de baile, vestido de tutú, cuello en V, camiseta de baile, bailarina, gimnasia, tirantes espagueti, sin mangas, traje de baile, amarillo, 4-5 años""",,N/A,N/A
B0B5DNFCPW,"""Vestido de ballet IBAKOM para niñas, disfraz de El Lago de los Cisnes, vestido tutu, vestido de tirantes en V, ropa de danza para bailarinas, gimnasia, sin mangas, azul cobalto, talla real, 7-8 años"".",,N/A,N/A
B0F21DCTSL,"""Sandalias Hsyooes para mujeres, zapatillas de malla para caminar, pantuflas transpirables, zuecos ajustables, zapatos deportivos ligeros, calzado de verano para enfermeras.""",11.99,N/A,N/A
B0BRN6WGC6,"""Zapatos Diabéticos Hsyooes para Mujeres, Zapatos Ortopédicos, Zapatillas para Hombres, Ampliadas, Transpirables, Ajustables, para Artritis, Edema, Zapatos Inflamados.""",39.99,N/A,N/A
B0FC6716QV,"""Zapatos sin cordones de malla para mujer konhill - Transpirables y ligeros con suela cómoda para caminar, oficina y uso diario.""",44.99,N/A,N/A
B07H94H1S2,"""Zapatos de jazz DoGeek disponibles en dos colores""",29.99,N/A,N/A
B0DPWZB3GW,"""Zuecos Bayaband Unisex para Adultos de Crocs""",,N/A,N/A
B0C1J31PDZ,"""Zapatos deportivos para hombres y mujeres, zapatillas ligeras para correr, transpirables y cómodas, modelo de malla, V029pink.""",35.99,N/A,N/A
B0C1J3K255,"""Zapatillas deportivas para hombre y mujer, ligeras y transpirables, cómodas para correr, modelo de malla, V029 rosa"".",35.99,N/A,N/A
B0BYDPQ855,"""IceUnicorn zapatos de agua para hombre y mujer, zapatos descalzos para playa, natación, yoga, de secado rápido, ligeros, zapatos de fitness para interiores, negro clásico. 42 1/3 EU.""",,"‎ 28,9 x 10,3 x 6,1 cm",320.0
B0F9FBG97D,"""Zapatillas Diabéticas Hombre Mujer Extra Anchas Ligeras Sandalias Ortopédicas de Rehabilitación para Artritis y Edema, Zapatos Ajustables para Caminar, Negros, Talla 41 EU.""",,N/A,N/A
B0CX1C571L,"""SANDALIAS DE TREKKING PARA MUJER SAGUARO Sandalias Deportivas para Exterior Cómodas y Transpirables""",42.99,N/A,N/A
B0C7JVRZ8L,"""Zuecos Clásicos Crocs Glitter 38-39 EU Brillo Plateado""",35.74,N/A,N/A
B07B7JJYS4,"""Escarpines para Hombre y Mujer, Zapatos de Agua de Secado Rápido, Antideslizantes, Zapatillas para Deportes Acuáticos como Buceo, Natación, Surf y Yoga.""",21.32,N/A,N/A
B0CVTTB264,"""Zapatos de agua sin zapatos, para playa, natación, yoga, de secado rápido, ideales para actividades al aire libre.""",,N/A,N/A
B0DRHQCKYH,"""Zapatos deportivos para niños IceUnicorn, tipo barefoot, para correr en senderos al aire libre, ideales para la playa. Zapatillas de agua para niños y niñas, antideslizantes.""",41.39,N/A,N/A
B08V58NF36,"""IceUnicorn Zapatos de Agua para Niños Barefoot, Calcetines de Natación para Niñas, Antideslizantes, de Secado Rápido y Transpirables, Escarpines de Baño.""",26.24,N/A,N/A
B0DT43R2VN,"""Zapatos Barefoot IceUnicorn para mujeres, ligeros, suaves, de punta ancha, transpirables y minimalistas.""",39.99,N/A,N/A
B0DR4RWY8P,"""IceUnicorn Calzado Descalzo para Niños, Zapatos de Agua para Niños y Niñas, Pantuflas de Playa, Calzado Descalzo para Surf, Acuático y Transpirable""",39.99,N/A,N/A
B0DQNMZX63,"""Zapatos Barefoot IceUnicorn para Niños, Zapatos Minimalistas Acuáticos Amplios para Niños y Niñas, Zapatos para Correr en Senderos, Zapatos de Playa""",33.99,N/A,N/A
B0D9N4MFYF,"""Zapatos unisex minimalistas tipo barefoot amplios para exteriores, zapatillas para hombres y mujeres.""",17.98,N/A,N/A
B0CG32RGY4,"""Zapatos de caminar para mujeres Git-up con cierre, zapatos de enfermera de malla transpirable, zapatillas ligeras con cushion de aire de memory foam.""",39.99,N/A,N/A
B0DR8RKLSF,"""Sandalias Hsyooes para mujer y hombre, pantuflas para casa, zapatos diabéticos, zapatillas ortopédicas transpirables, cómodas y ajustables para empeine ancho, ideales para artritis y edema, zapatos acolchados, negros, talla 45 EU.""",,N/A,N/A
B0BRN7RPLN,"""Hsyooes Sandalias Mujer Hombre Zapatillas para estar en casa Zapatos Diabéticos Transpirables Zapatillas Ortopédicas para ensanchar Ajustables Cómodas Artritis Edema Zapatos hinchados Negro-A 43EU""",,"‎ 24,5 x 6,5 x 13 cm",560.0
B0BY8SQYVB,"""DADAWEN Sandalias de cuña para mujer, sandalias de plataforma con strass, sandalia de tacón compensado, moda cómoda para ocasiones de noche y bodas.""",25.54,N/A,N/A
B0D177WPTR,"""Zapatos Barefoot IceUnicorn para Mujeres y Hombres, Zapatillas de Trail Running y Walking de Punta Ancha para Pies Anchos, Entrenadores Minimalistas, Beige, 40 EU Ancho""",,N/A,N/A
B0FC66TG84,"""Zapatillas para mujer konhill Slip-On de malla - Transpirables y ligeras con suela cómoda para caminar, oficina y uso diario.""",44.99,N/A,N/A
B0D1XY37YP,"""DADAWEN - Zapatos de noche para mujer, sandalias de tacón bajo, punta abierta, sandalias, zapatillas de verano, 7 cm, sandalias para mujer, con adornos de pedrería.""",,‎ 25 x 16 x 8 cm,600.0
B0CP217QV3,"“Zapatos planos para mujer Cusolemore con tira en el tobillo, tacón bajo en cuña, calzado cómodo con punta afilada, elegantes zapatos para el trabajo, negocios y bodas.”",71.55,N/A,N/A
B0C495V294,"""HOBIBEAR Calzado Descalzo Unisex Minimalista para Hombres y Mujeres, Zapatillas Ligeras y Flexibles para Interior y Exterior.""",34.51,N/A,N/A
B08HN6F2KR,"""Sandalias Planas para Mujer Les Tropéziennes por M. Belarbi Coralia""",80.99,N/A,N/A
B0DBHKNHM8,"""Zapatos Barefoot HOBIBEAR para Mujeres y Hombres, Anchos, Minimalistas, para Senderismo y Running en Exterior""",39.99,N/A,N/A
B0CP214LMG,"""Cusolemore Zapatos planos para mujer con correa en el tobillo, tacón cuña bajo, zapatos cómodos de punta afilada, elegantes para trabajo, negocios y bodas.""",71.55,N/A,N/A
B07TMDPPVC,"""Zapatos planos Mary Jane para niñas Dream Pairs, bailarinas elegantes para fiestas de princesas modelo Angie-2""",32.99,N/A,N/A
B07ZLVF6B3,"""Zapatos de vestir transpirables Bruno Marc con cordones, zapatillas oxford clásicas formales tipo derby para hombres, casuales de verano.""",32.97,N/A,N/A
B0F1JQ1FJ3,"""Sandalias de caminata para mujer ONCAI, sandalias de senderismo con soporte para el arco para la fascitis plantar, sandalias deportivas antideslizantes con cordones ajustables, talla UE 36-43.""",49.99,N/A,N/A
B0DN1GD1FB,"""DREAM PAIRS Sandalias para Hombre Verano Trekking Deportivas de Playa Antideslizantes Zapatos de Senderismo con Punta Cerrada""",33.99,N/A,N/A
B0D1XK7B1R,"""ODCKOI Zapatillas deportivas para hombre, transpirables, ligeras, sin cordones, ideales para caminar y el ocio.""",43.95,N/A,N/A
B0DGX6T75F,"""Zapatillas sin cordones ODCKOI para hombres, calzado de deporte al aire libre, ligeras, transpirables, para ocio y carreras en carretera.""",39.0,N/A,N/A
B0D1XK89N3,"""ODCKOI Zapatillas deportivas para hombre, transpirables, ligeras, sin cordones, ideales para caminar y disfrutar del tiempo libre.""",43.95,N/A,N/A
B0D77MJ6PY,"""Zapatillas Merceditas de Lona Mary Jane para Mujer Feversole, suaves y transpirables, color camello, talla 39 EU.""",,"‎ 29,59 x 12,8 x 9,7 cm",431.0
B07KKD114F,"""DREAM PAIRS Sandalias Deportivas Planas de Punta Cerrada con Suela de Eva Ligera, Transpirables y de Tela de Secado Rápido para Playa""",42.99,N/A,N/A
B0C6QMFCLL,"""DREAM PAIRS sandalias para niñas verano zapatos de princesa para niños con lazo desmontable, tira baja en el tobillo, tacones altos estilo Mary Jane.""",25.99,N/A,N/A
B0CQTH5D1D,"""Chanclas anchas FitVille para mujeres con soporte para el arco, sandalias de ancho amplio para mujeres, chanclas de playa antideslizantes.""",,N/A,N/A
B0CQTGPPH6,"""Chanclas anchas FitVille para mujeres con soporte de arco, sandalias de ancho amplio para mujeres, chanclas de playa antideslizantes.""",,N/A,N/A
B078D7GNS7,"""Zapatos de vestir para hombre Bruno Marc, mocasines, zapatillas de conducción tipo penny, mocasines casuales y cómodos.""",33.99,N/A,N/A
B0BR3YWL93,"""Sandalias NORTIV 8 para hombres, calzado de verano al aire libre, deportivas para playa, zapatos antideslizantes, sandalias con punta abierta para senderismo.""",37.49,N/A,N/A
B0DHZK3RY5,"""HOBIBEAR Zapatos de Entrenamiento Descalzo Unisex, Zapatos Minimalistas para Correr y Entrenamiento Ligero""",39.99,N/A,N/A
B0DHZJQTFL,"""HOBIBEAR Zapatillas Unisex para Correr Descalzo Ligeras Transpirables de Diseño Minimalista, Adecuadas para Trail, Suaves y Antideslizantes, Zapatillas de Fitness""",39.99,N/A,N/A
B0DHZGFHVM,"""HOBIBEAR Zapatillas Unisex para Entrenamiento Minimalista, Calzado Barefoot para Entrenamiento Ligero y Correr""",39.99,N/A,N/A
B0DHZH554D,"""HOBIBEAR Zapatos de Entrenamiento descalzo unisex, zapatos minimalistas para correr y entrenamiento ligero.""",39.99,N/A,N/A
B0DHZGJ4RZ,"""HOBIBEAR Zapatos de Entrenamiento Descalzo Unisex, Zapatillas Minimalistas para Entrenamiento Ligero y Correr""",39.99,N/A,N/A
B0DJKH7VTV,"""Zapatillas Deportivas Ligeras para Hombres y Mujeres, Adecuadas para el Gimnasio y Escalada en Montañas, Transpirables y Antideslizantes.""",26.99,N/A,N/A
B08SW4T5FV,"""Zapatos de agua SAGUARO para niñas y niños, zapatos de agua antideslizantes, pantuflas transpirables, zapatos de playa, zapatos de piscina para natación, surf y actividades acuáticas, tallas 18-37 EU.""",14.44,N/A,N/A
B07RW5VRQ1,"""Sneakers Minimalistas SAGUARO para Hombre y Mujer, con Suelas de Cero Caída y Punta Amplia, Talla 35-48 EU""",39.99,N/A,N/A
B0BKKQQJBZ,"""SAGUARO Zapatillas Minimalistas para Correr en Terreno con Suelas de Cero Caída, Tallas 36-48""",34.39,N/A,N/A
B0CBTFH48Q,"""SAGUARO Zapatillas Minimalistas Barefoot Ligeras para Trail Running con Suelas de Zero Drop, Tallas de la 36 a la 48""",34.39,N/A,N/A
B084C3K7LQ,"""Sneakers Minimalistas SAGUARO para Hombre y Mujer con Suelas Zero Drop y Punta Ancha, Talla 35-48 EU""",35.99,N/A,N/A
B0DR6VLG5S,"""SAGUARO Zapatillas Minimalistas Barefoot para Hombre y Mujer con Suelas Zero Drop y Caja de Dedos Ancha, Tallas 35-48 EU""",45.99,N/A,N/A
B0C1J34MTJ,"""Botas de invierno IceUnicorn para hombre y mujer, botines de nieve, cálidos y descalzos.""",35.99,N/A,N/A
B0DR6VC52Q,"""SAGUARO Zapatillas Minimalistas de Correr en Sendero, Livianas y Sin Caída para Suelas Planas, Talla 36-48""",36.78,N/A,N/A
B084MC8QDC,"""SAGUARO Sandalias de Trekking para Hombre y Mujer, Cómodas, Transpirables, de Deporte, Sandalias para el Aire Libre""",34.39,N/A,N/A
B0C36S88MR,"""SAGUARO"" se traduce al español como ""saguaro"", que es un tipo de cactus que se encuentra principalmente en el suroeste de Estados Unidos y México. El término se utiliza comúnmente en su forma original.",,"‎ 29 x 14,5 x 11,5 cm",320.0
B0C36SJPJG,"""SAGUARO"" se traduce al español como ""saguaro"", ya que es el nombre común de una especie de cactus (Carnegiea gigantea) que es nativa del desierto de Sonora en América del Norte.  El término se utiliza tanto en inglés como en español.",,N/A,N/A
B0CJ6G4FPP,"""SAGUARO Zapatillas Unisex Barefoot DuckStride Luck Ⅰ - Ligeras, cómodas y minimalistas con amplia caja para los dedos, Tallas 36-46""",31.99,N/A,N/A
B0D53N6V9Z,"""SAGUARO Barefoot Zapatillas Minimalistas para Hombre y Mujer con Suelas Zero Drop y Caja de Dedos Ancha, Tallas 35-48 EU""",,N/A,N/A
B083FG4867,"""SAGUARO Zapatillas Barefoot de Trail Running Minimalistas, Zapatillas Deportivas para Exterior e Interior, Zapatos de Deportes Acuáticos, Unisex - Adulto""",34.7,N/A,N/A
B0CDWFTPLQ,"""SAGUARO Unisex Zapatos Minimalistas Barefoot con Punta Ancha, Cómodas Zapatillas Casual Talla 36-48""",,N/A,N/A
B0CDWKBBTY,"""SAGUARO Zapatos Unisex Minimalistas Barefoot con Punta Ancha Zapatillas Casual Cómodas Talla 36-48""",,N/A,N/A
B0D25LM235,"""SAGUARO Zapatillas Unisex Minimalistas Tipo Barefoot con Punta Ancha Calzado Casual cómodo Tallas 36-48""",,N/A,N/A
B084FRR5D7,"""SAGUARO Zapatos Barefoot para Mujeres y Hombres, Calzado Minimalista Transpirable para Correr en Senderos, Ideal para Fitness y Senderismo, Tallas 35-48""",39.99,N/A,N/A
B0D53N5Y98,"""SAGUARO Zapatillas Minimalistas para Hombre Zapatillas Minimalistas para Mujer Zapatillas con Dedos Zapatillas de Fitness al Aire Libre Zapatillas Antideslizantes para Correr en Senderos Zapatillas Minimalistas con Suela Cero Caída, Tallas 35-48 EU""",42.99,N/A,N/A
B0DQ4SX3J4,"""Zapatos de senderismo SAGUARO descalzos para hombre y mujer, transpirables, antideslizantes y minimalistas.""",39.09,N/A,N/A
B0F226R9GQ,"""SAGUARO Zapatillas Minimalistas para Hombre y Mujer con Suela Zero Drop y Amplia Caja para Dedos, Talla 35-48 EU""",45.99,N/A,N/A
B0DPH9NSQF,"""SAGUARO Zapatillas Minimalistas Barefoot para Hombre y Mujer - Ligeras, Antideslizantes y Transpirables - con Caja Tox Ancha y Suela Cero Drop""",36.77,N/A,N/A
B0DR6VDW3C,"""SAGUARO Zapatillas Minimalistas de Trail Running Ultraligera con Suelas Zero Drop, Tallas 36-48""",36.79,N/A,N/A
B0DR6VS6PB,"""Zapatillas de correr de trail minimalistas y ultraligeras SAGUARO sin tacón, tallas del 36 al 48.""",36.79,N/A,N/A
B0D1PGBLWQ,"""SAGUARO Zapatillas Descalzas para Hombre, Zapatos Minimalistas, Zapatillas de Trail Running para Mujer, Zapatos Descalzos Antideslizantes con Suela de Caída Cero, Tallas EU 36-48""",44.99,N/A,N/A
B0CJ6H35SQ,"""SAGUARO DuckStride Luck Zapatos Barefoot Unisex de Punto, Suaves, Cómodos, Minimalistas con Punta Ancha, Tallas 36-46""",29.99,N/A,N/A
B07ZLMSGMV,"""Zapatos de vestir con cordones Bruno Marc, zapatillas oxford transpirables clásicas para hombres, estilo formal derby para el verano y uso casual.""",32.97,N/A,N/A
B0DPZK8DYK,"""Crocs hombres inmotion pacer m""",37.5,N/A,N/A
B0CYLNCVGR,"""Zapatillas casuales para hombre y mujer, slip-ons, zapatos de caminar deportivos para correr, tenis, deportivas cómodas, manos libres y sin cordones, tallas 36-46.""",19.96,N/A,N/A
B0D3PX6K52,"""Zapatos Geweo Unisex Barefoot, para mujeres y hombres, zapatillas barefoot con punta ancha, ligeras, cómodas, con suela de cero centímetros de caída, zapatos para correr, zapatillas de fitness, del 4 al 13 UK.""",39.99,N/A,N/A
B0BTBSL2QF,"""SANDALIAS DEPORTIVAS DE VERANO DREAM PAIRS para niños y niñas, perfectas para actividades al aire libre, tanto para pequeños como para grandes.""",36.15,N/A,N/A
B0FBQW25FK,"""Zapatillas para hombre ODCKOI - Entrenadores de malla transpirable, ligeros y cómodos para el ocio.""",45.99,N/A,N/A
B0D56KW578,"""Zapatillas ODCKOI Slip On Zapatos sin Cordones para Hombre, Calzado Deportivo para el Aire Libre, Zapatillas para Correr, Zapatillas Transpirables y Ligeras, Zapatillas de Correr Urbanas sin Manos.""",45.99,N/A,N/A
B0BW47XY3C,"""Zapatos de Chef Anchos FitVille para Hombre, calzado de trabajo antideslizante para servicio de alimentos, impermeables y con soporte para el arco.""",,N/A,N/A
B0DPHBCMKM,"""Zapatos para correr descalzo SAGUARO, calzado minimalista para deportes al aire libre e interiores, zapatos para deportes acuáticos, unisex-adulto.""",37.13,N/A,N/A
B0DPH6PS19,"""SAGUARO Zapatillas Unisex para Trail Running Barefoot, Minimalistas, Cómodas y Livianas, Zapatos Descalzos""",45.99,N/A,N/A
B0DR6VS58Y,"""SAGUARO Zapatillas Minimalistas Barefoot Ligeras para Trail Running con Suelas Zero Drop, Tallas 36-48""",45.99,N/A,N/A
B07RLMSMW4,"""Zapatos descalzos para damas y caballeros, para entrenar, para caminatas en terrenos rocosos, para uso en casa y al aire libre, transpirables, con punta ancha y suela plana, negros (nero fumoso).""",42.99,N/A,N/A
B07T58KFS8,"""SAGUARO Zapatos Barefoot para Hombre, Zapatillas Minimalistas para Mujer, Calzado para Trail Running""",34.39,‎ 20 x 6 x 3 cm,N/A
B074FB28PN,"""Sueño""",27.01,"‎ 12,7 x 12,7 x 1,78 cm",N/A
B0DRF97DG7,"""Zapatos IceUnicorn Barefoot para niños y niñas, minimalistas, anchos, ligeros y deportivos, ideales para senderismo, transpirables y flexibles.""",39.99,N/A,N/A
B0C7WPG9F6,"""JOMIX Zapatillas para Hombre y Mujer de Malla sin Cordones, Zapatillas Deportivas Transpirables para Correr y Gimnasio""",34.95,N/A,N/A
B072NDNZCW,"""Zapatos de tacón bloque para mujer de Dream Pairs""",43.99,N/A,N/A
B0BLNG11TR,"""DREAM PAIRS Bilarinas Mujer Zapatos Cómodos Planos con Plantilla Acolchada Clásicos Suela Antideslizante""",35.99,N/A,N/A
B0CN9BST2L,"""SANDALIAS CON TACONES para mujeres de DREAM PAIRS.""",37.99,N/A,N/A
B0D6YKC9RP,"""Zapatillas MrToNo Slip On para hombres, calzado para correr, zapatillas ligeras y transpirables para correr al aire libre, deportivas para el ocio en la carretera.""",42.99,N/A,N/A
B0D5HHB459,"""Bailarinas Clásicas para Mujer Feversole, Suela Antideslizante, Lentejuelas Brillantes, Elegantes.""",33.99,N/A,N/A
B0CPSC157Q,"""DREAM PAIRS - Zapatos Planos para Mujer, con Punta Cuadrada y Tira en la Parte Posterior, para Vestir, Informales, de Oficina, Fiesta, de Tacón Bajo.""",25.49,N/A,N/A
B0F7GG8WWQ,"""Kelway Zapatos bailarina Mary Jane para mujer con plantillas de soporte para el arco, plegables, de punta redonda, confeccionados con tejido reciclado, ligeros y cómodos.""",,N/A,N/A
B0F7GB7KM5,"""Zapatos bailarinas Mary Jane Kelway para mujer, con plantillas de apoyo para el arco, plegables, de punta redonda, fabricados en tejido reciclado, ligeros y cómodos.""",,"‎ 28,5 x 12,5 x 10 cm",0.42
B0F7G9MF7D,"""Kelway Zapatos bailarinas Mary Jane para mujer con plantillas de soporte para el arco, plegables, con punta redonda, de tejido reciclado, ligeros y cómodos.""",,"‎ 28,5 x 12,5 x 10 cm",0.42
B0F7GBMLZ4,"""Kelway Zapatos bailarinas Mary Jane para mujer con plantillas de soporte para el arco, plegables, punta redonda, fabricados con tejido reciclado, ligeros y cómodos.""",,"‎ 28,5 x 12,5 x 10 cm",0.42
B0CZRQC3QC,"""SHULOOK Zapatos de verano transpirables para hombre, zapatos ligeros con cordones, zapatos de verano, zapatos informales, zapatillas de punto.""",42.68,N/A,N/A
B0CQCF1BM7,"""Zuecos para mujeres y hombres, chanclas de playa, sandalias, zapatillas para piscina de verano, zapatos de jardín transpirables, zuecos antideslizantes de malla, zapatillas casuales.""",36.99,N/A,N/A
B094HSHHQH,"""Zuecos para mujeres y hombres, chanclas de playa, sandalias para la piscina, zapatos de verano transpirables, zapatos de jardín no deslizantes, zuecos de malla cómodos.""",27.06,N/A,N/A
B0DRGC9K28,"""Zapatos IceUnicorn Barefoot para niños y niñas, minimalistas, anchos, ligeros y deportivos, transpirables, flexibles, ideales para senderismo.""",39.99,N/A,N/A
B0CRYMHNTH,"""Zapatos planos de ballet para mujer Puxowe, de punta redonda, de punto, tipo slip-on, ideales para caminar y vestido.""",44.99,N/A,N/A
B0BTD69DN5,"""Zapatillas de animadora blancas para chicas, zapatillas de baile para mujeres, zapatos de yoga, fitness y entrenamiento de gimnasia.""",38.49,N/A,N/A
B0DQNMNPVW,"""Zapatos Barefoot IceUnicorn para niños, zapatos anchos barefoot para niños y niñas, calzado minimalista para correr en senderos, playa y agua.""",41.39,N/A,N/A
B0BRXMBSF2,"""Vestido de Niña Ballerina Feversole Patent - Zapatos Cómodos para Ceremonias - Bailarinas Planas""",30.99,N/A,N/A
B0CN6NWJVV,"""Zapatos de natación para hombres y mujeres, zapatos de playa, zapatos de agua, zapatos de natación, zapatos de verano, zapatos de surf sin calcetines.""",33.99,N/A,N/A
B0C498GY2D,"""HOBIBEAR Calzado Descalzo Minimalista Unisex para Hombres y Mujeres, Zapatillas Ligeras y Flexibles para Interior y Exterior""",34.51,N/A,N/A
B0F7GBY5ZJ,"""Kelway Zapatos bailarinas Mary Jane para mujer con plantillas de soporte para el arco, plegables, punta redonda, fabricadas con tejido reciclado, ligeras y cómodas.""",,N/A,N/A
B0CN6N291Q,"""Zapatos de baño WateLves, zapatos de playa para hombres, zapatos de agua para mujeres, zapatos de natación, zapatos acuáticos, zapatos de surf, zapatos descalzos.""",35.99,N/A,N/A
B08SR724WX,"""SAGUARO - Calzado unisex minimalista de suela natural, zapatillas para trail running, transpirable, de secado rápido, zapatos para baño.""",42.99,N/A,N/A
B0F3X5JZ8V,"""SAGUARO Zapatos de Agua Antideslizantes para Niños y Niñas, Escarpines de Secado Rápido 24-36 EU""",36.54,N/A,N/A
B0CQ1YRBJJ,"""Zapatos de senderismo SAGUARO para hombres y mujeres, transpirable, antideslizante, minimalistas""",36.53,N/A,N/A
B0CW655PTQ,"""Zapatos deportivos Saguaro Trail para niños y niñas, transpirables y antideslizantes.""",42.99,N/A,N/A
B08TSSJWXV,"""SAGUARO Zapatos Minimalistas de Trail Running para Niños, Calzado Deportivo Transpirable para Interiores y Exteriores""",42.99,N/A,N/A
B0DHZ1ZBKC,"""Botas de fútbol para hombres, botas altas con tachuelas, zapatos de fútbol profesionales, botines de fútbol para jóvenes, calzado de atletismo, zapatos de entrenamiento, calzado deportivo, competición, negro 1, talla 43 EU.""",,N/A,N/A
B0DRJCGXLB,"""Lvptsh Zapatos de Fútbol para Hombre Botas de Fútbol con Clavos para Uso al Aire Libre Niños Calzado de Fútbol Multitacos Liviano""",,N/A,N/A
B0DHZ1H2H3,DESCONOCIDO,N/A,N/A,N/A
B0DHZ1WKXY,DESCONOCIDO,N/A,N/A,N/A
B0DY3S1GNN,DESCONOCIDO,N/A,N/A,N/A
B0DRG3YB98,"""Botas de fútbol para hombre, tipo alta con clavos, zapatos de fútbol profesionales para jóvenes, botas de fútbol, zapatos de atletismo, zapatos de entrenamiento, calzado deportivo para exterior.""",,N/A,N/A
B089KM3TXH,"""Botas de fútbol JABASIC Kids para terreno firme, para niños y niñas, calzado deportivo de soccer""",38.99,N/A,N/A
B07PYZHLWJ,"""Sandalias planas de verano con dedos al aire y tiras en el tobillo para mujer amropi""",36.74,N/A,N/A
B0DP8MKG58,"""Sandalias para mujer Ortho+rest con soporte para el arco, sandalias ortopédicas cómodas""",46.99,N/A,N/A
B0F9PMQF8H,"""JABASIC Botas de fútbol para niños y niñas con espinilleras y calcetas de fútbol""",39.99,N/A,N/A
B0DNJS9617,"""JABASIC botas de fútbol para niños en terreno firme, zapatos de fútbol para niños y niñas""",34.99,N/A,N/A
B0DQD4RSG2,"""Zapatillas diabéticas para hombres y mujeres, artritis, edema, sandalias con cierre ajustable, zapatos casuales extra anchos, cómodos, zapatos de ciervo para personas mayores.""",39.99,N/A,N/A
B0CQP756SJ,"""FitVille Sandalias para Diabéticos para Hombre, Zapatos Ortopédicos de Ancho, con Cierre de Hebilla, Sandalias de Rehabilitación con Abertura para Pies Hinchados.""",65.99,N/A,N/A
B08VFFMVK6,"""SAGUARO Zapatillas de Agua para Niñas Anti-deslizantes Calzado de Secado Rápido 24-36 EU""",33.99,N/A,N/A
B0DKN7GJCH,"""Bailarinas para mujer DREAM PAIRS, cómodas, casuales y ligeras.""",30.59,N/A,N/A
B0FJ8G752B,"""Correa para perro YFbrite impermeable con iluminación y 15 modos de parpadeo - Correa LED súper brillante para perros pequeños, medianos y grandes - Correasa recargable tipo C con luz (S(120""",33.82,N/A,N/A
B0FPF3PFZF,"""Lámpara de Uñas Media Luna: Lámpara Media Luna de 34"" con Soporte – 3 Modos de Color y 10 Niveles de Brillo Ajustables para Manicura (Negra)""",54.05,N/A,N/A
B0CSFVX4M6,"""FALARY Paquete de 3 Camisetas de Tirantes para Hombre Camiseta Interior 100% Algodón Blanco, Negro, Azul Marino, Oliva Tallas S-5XL""",19.99,N/A,N/A
B0C6XFFMC7,"""WILLIT Pantalones capri para mujer, pantalones de yoga, pierna ancha, para negocios, casuales, capris, pantalones de trabajo, elásticos, de cintura alta, 21""""""",,‎ 20 x 10 x 5 cm,480.0
B0C1SLHN9R,"""Dokotoo Blusa para mujer, cuello en V, muselina, túnica, camiseta de verano, manga corta, holgada, tallas S-XXL, A negro., L""",,"‎ 32 x 26 x 3,6 cm",260.0
B09TKMRDWD,"""LiKing Pack de 3 Camisas Polo para Hombre, Camisas Polo Cómodas y de Ocio, de Manga Corta, Ropa Deportiva para Hombre, Camisa Polo de Golf de Manga Corta, T-Shirt de Ocio Deportivo.""",35.99,N/A,N/A
B095JWMVSS,"""Niksa 1 paquete o 3 paquetes de camisetas de compresión para hombres, de manga corta, diseño de malla, secado rápido, capa base para gimnasio, deportes, fitness y ciclismo.""",30.99,N/A,N/A
B09P8BVYSS,"""Falda deportiva Soneven para mujer, falda corta de pádel, skorts de tenis para mujer, faldas de golf de verano con pantalones cortos interiores, con bolsillos y falda corta con cordón ajustable.""",19.99,N/A,N/A
B0B3LDNS4T,"""mallas de equitación beroy para dama y niña con refuerzo de silicona completo y bolsillo para el teléfono, flexibles y con terminación elástica en las piernas para el deporte ecuestre.""",,N/A,N/A
B0C9C9W2S6,"""Pantalgas de montar para niñas Beroy de silicona, con corte completo, con cinturilla y bolsillo para el teléfono móvil.""",37.51,N/A,N/A
B0DDSHN2H3,"""Leggings de yoga Persit Cozyluxe para mujer, de alta calidad, pantalones deportivos de cintura alta, opacos, pantalones de yoga para mujer, 64 cm/71 cm.""",27.53,N/A,N/A
B0DCVLC5NR,"""Pantalones de chándal Persit para mujer, suaves y cómodos pantalones de yoga con bolsillos laterales.""",27.53,N/A,N/A
B0DZD96QPL,"""Boxers de lana merino para hombre DANISH ENDURANCE, transpirables, paquete de 1, con o sin bolsillo""",50.95,N/A,N/A
B0DZDBBWJ2,"""Boxers de lana merino para hombre DANISH ENDURANCE, transpirables, paquete de 1, con o sin bolsillo.""",32.95,N/A,N/A
B0F7XQDR4N,"""Pantalones de pijama para hombre, pack de 3, de longitud media, con bolsillos laterales y cintura elástica.""",32.99,N/A,N/A
B0F4DGW28F,"""GORGLITTER Pantalones cortos de verano para mujer, de cintura alta, modernos, con detalle cruzado, muy cortos, pantalones de entrenamiento, para salir de noche, festival""",32.39,N/A,N/A
B0BZY717JQ,"""Yvette - Sujetador deportivo para mujer con soporte fuerte, en talla grande, con diseño cruzado en la espalda, acolchado, ideal para correr, fitness y yoga.""",27.99,N/A,N/A
B07FZZD564,"""Yvette Sujetador Deportivo con Fuerte Soporte para Pechos Grandes, de Espalda Racer, Corpiño Acolchado e Inalámbrico para Fitness, Jogging y Yoga.""",27.99,‎ 15 x 10 x 5 cm,N/A
B09S8K2RPK,"""Leggings deportivos para mujer Yvette impresos con bolsillos, de talle alto y opacos.""",33.99,N/A,N/A
B09D7GRMJS,"""Deyllo - Sujetador minimizador de tallas grandes para mujeres, sin aros, sin relleno.""",32.23,N/A,N/A
B09D6ZCVLX,"""Deyllo - Sujetador Reductor de Tamaño Grande para Mujer, sin Aros, sin Relleno""",30.99,"‎ 5,08 x 5,08 x 5,08 cm",199.58
B0DFGYXJ66,"""Deyllo Sujetador de encaje sexy con aros para mujer, talla grande, sin forro, sujetador transparente sin acolchado, para senos grandes.""",37.63,N/A,N/A
B0F1YL3BWC,"""Deyllo Sujetador de encaje sexy con aros para mujer, talla grande, sin forro, sujetador transparente sin acolchado, para busto grande.""",37.63,N/A,N/A
B0FJM2F1GQ,"""Top deportivo acolchado de bajo impacto para mujeres wirarpa para yoga y gimnasio, con un diseño cómodo de tirantes en la espalda y tirantes tipo spaghetti.""",46.15,N/A,N/A
B0CLV36SH4,""" sujetador sin aros para mujer con cierre en la espalda para copas grandes B-F - sujetador de talla grande para mayor comodidad - sujetador reductora - sujetador con tirantes anchos (Cielo)""",32.56,N/A,N/A
B0CLV31LJ6,"""Sujetador sin aros para mujeres con cierre en la parte posterior para copas grandes B-F - Sujetador cómodo de tallas grandes - Sujetador minimizador - Sujetador de tirantes anchos (Cielo)""",32.56,N/A,N/A
B0CLV3XTTZ,"""Sujetador sin aros para mujer, con cierre trasero para copas grandes B-F – Sujetador confort en tallas grandes – Sujetador reductor – Sujetador de tirantes anchos (Sky)""",32.56,N/A,N/A
B0CLV184DC,""" sujetador sin aros para mujeres con cierre trasero para copas grandes B-F - sujetador de tallas grandes para alivio - sujetador minimizador - sujetador ancho con tirantes (Cielo)""",32.56,N/A,N/A
B0CLV23PWF,""" sujetador sin aros para mujeres con cierre en la parte posterior para copas grandes B-F - sujetador de alivio en tallas grandes - sujetador minimizador - sujetador de tirantes anchos (Cielo)""",32.56,N/A,N/A
B0912NGVJB,"""Brassiere Deportivo Sin Costuras Lemef, Sostén Sin Aros con Almohadillas Removibles para Mujeres (Paquete de 3)""",22.99,N/A,N/A
B08P77BDJ8,"""Sujeta-todo deportivo Lemef sin aros con almohadillas removibles para mujeres (pack de 3)""",22.99,N/A,N/A
B09QQMKNHK,"""Sujetadores deportivos para mujer, paquete de 3 sujetadores de yoga con espalda entrecruzada y soporte medio con almohadillas extraíbles.""",23.84,N/A,N/A
B07TD425SR,""" sujetador deportivo Yvette Strong Support, con cierre frontal, malla extragrande, espalda tipo racer para correr, trotar y montar.""",31.99,N/A,N/A
B0CP98CJBW,"""FuelMeFoot Calcetines de compresión de talla grande, para pantorrillas anchas, para mujeres y hombres, 20-30 mmHg, extra grandes para apoyo de la circulación y recuperación.""",10.06,N/A,N/A
B0FL1Z5SKL,"""Leggings suaves de cintura alta ACTINPUT con control de abdomen para mujer, pantalones deportivos para entrenamiento, gimnasio, correr y yoga.""",,N/A,N/A
B0CZPF64HT,"""Polos de hombre de manga corta para golf, camisetas poloshirt de secado rápido y transpirables, polo de tenis para hombre, camisetas poloshirt para hombres, camiseta de deporte de verano con soporte para gafas.""",6.03,N/A,N/A
B0BRMK64Y3,"""Pantalones de ciclismo para mujer acolchados con tirantes, pantalones cortos tipo bib para mujer, pantalones cortos de ciclismo de secado rápido, resistentes a los golpes.""",,‎ 25 x 21 x 1 cm,180.0
B09C21VK63,"""Pantalones de ciclismo para hombre Santic, forro térmico de invierno, pantalones largos acolchados de MTB, mallas largas de felpa para bicicleta, acolchados en color negro.""",25.99,N/A,N/A
B0DH292JYQ,"""PINSPARK 1 o 3er Pack de camisetas deportivas sin mangas para mujeres, camisetas de yoga con espalda racer y transpirables para correr y fitness.""",24.99,N/A,N/A
B0DH26BX2S,"""PINSPARK Pack de 1 o 3 tops deportivos para mujer, camisetas sin mangas de yoga transpirables con espalda nadadora, ideales para correr y hacer ejercicio.""",24.99,N/A,N/A
B08TBDBKGS,"""X-TIGER Hombres de Ciclismo con Gel Acolchado 5D para MTB, Maillots sin Mangas y Pantalones Cortos Tipo Culotte""",44.99,"‎ 19,05 x 9,14 x 4,06 cm",353.8
B08TBDXG3H,"""Culottes con tirantes y camisetas de ciclismo MTB acolchadas con gel 5D para hombres X-TIGER""",44.99,N/A,N/A
B08WHWTMZS,"""Bra y braguitas de algodón orgánico Danish Endurance, ropa interior suave para mujeres, paquete de 1, 3 o 6, multicolor (2x negro, 1x gris/negro)""",41.95,N/A,N/A
B0DKTTFHCP,"""Shorts de Combate Muay Thai Hardcore para Hombre - Kickboxing, Boxeo, MMA, Deportes de Combate, Sparring""",34.95,N/A,N/A
B0CQRCCNKZ,"""Conjunto de Camisetas Polo para Hombre de Manga Corta con Botones, Ideal para Correr, Gimnasio, Casual y Deportes Activos, 2 Piezas.""",,N/A,N/A
B0CYLKWW2Q,"""Camisas deportivas para hombres AMZSPORT, paquete de 3/5, camisetas de manga corta transpirables y de secado rápido para correr, entrenar y hacer ejercicio.""",,N/A,N/A
B0D1QZYTDT,"""Niksa 1 paquete o 3 paquetes de camisetas de compresión para hombre, de manga corta, con diseño de malla, capa base de secado rápido, ideales para gimnasio, deportes, fitness, entrenamiento y ciclismo.""",31.99,N/A,N/A
B0913DGXVR,"""UNICASA Plato Llano, Servicio de Mesa para 4 Personas, Platos de Postre/Platos de Menú/Accesorios de Mesa en Color Azul de 26 cm - 4 Piezas""",,‎ 1 x 1 x 1 cm,3210.0
B0F4K7YSDD,"""JungleDove Colchoneta de Espuma para Bebé: 121x121 cm Alfombrilla de Juego Impermeable de Cuero de PU para Niños - Alfombrillas de Juego para Bebés para el Suelo (Amarillo Plegable)""",58.99,‎ 120 x 3 x 120 cm,3000.0
B0GC73QG71,"""Colchón RUGUIES Plus - Colchón para cuna de viaje de 120 x 60 cm para máximo confort - Colchón de espuma viscoelástica plegable, portátil y reversible - Almohadilla para el suelo para bebés - Alfombra acolchada para niños Oeko-Tex""",49.99,N/A,N/A
B0DL9XWT8K,"""Caja de arena para gatos Suhaco High Face de acero inoxidable, bandeja grande de 60 x 40 x 10 cm, bandeja para arena de gato, fácil de limpiar, antiadherente, a prueba de fugas, bandeja de metal para arena.""",27.99,N/A,N/A
B0DTYXQTG7,"""Light Bar para Monitor Quntis de 40 cm con Control Táctil, Lámpara Anti Luz Azul USB para Monitor, Luz de Monitor con Regulación Automática, Lámparas para Computadora para Trabajo, Estudio y Lectura.""",41.99,N/A,N/A
ASIN,Título Completo,Raw Price,Dimensions,Weight (grams)
