pallet_code,asin,precio_amazon
MP0119,B073WJSKZP,49.58
MP0119,B07L1FCJG2,29.99
MP0119,B07VC8S6BB,32.99
MP0119,B07VC8S6BB,32.99
MP0119,B07VC8S6BB,32.99
MP0119,B07VC8S6BB,32.99
MP0119,B07VC8S6BB,32.99
MP0119,B07VC8S6BB,32.99
MP0119,B07VC8S6BB,32.99
MP0119,B07VC8S6BB,32.99
MP0119,B07VC8S6BB,32.99
MP0119,B07VC8S6BB,32.99
MP0119,B07VC8S6BB,32.99
MP0119,B08PCWVDWG,34.99
MP0119,B097ZFDSV1,39.99
MP0119,B097ZFDSV1,39.99
MP0119,B097ZFDSV1,39.99
MP0119,B097ZFDSV1,39.99
MP0119,B097ZFDSV1,39.99
MP0119,B099NGY8MQ,42.99
MP0119,B09BVG16PF,37.99
MP0119,B09BVG16PF,37.99
MP0119,B09J21NQS3,16.52
MP0119,B09J21NQS3,16.52
MP0119,B09Y8XCD28,42.99
MP0119,B0B519YBQ4,21.98
MP0119,B0BBQN58LZ,33.99
MP0119,B0BBQN58LZ,33.99
MP0119,B0BBQN58LZ,33.99
MP0119,B0BBQN58LZ,33.99
MP0119,B0BBQN58LZ,33.99
MP0119,B0BBQN58LZ,33.99
MP0119,B0BBQN58LZ,33.99
MP0119,B0BBQN58LZ,33.99
MP0119,B0BBQN58LZ,33.99
MP0119,B0BBQN58LZ,33.99
MP0119,B0BBQN58LZ,33.99
MP0119,B0BBQN58LZ,33.99
MP0119,B0BBQN58LZ,33.99
MP0119,B0BBQN58LZ,33.99
MP0119,B0BBQN58LZ,33.99
MP0119,B0BBQN58LZ,33.99
MP0119,B0BRNDKSDV,50.99
MP0119,B0BRNDKSDV,50.99
MP0119,B0BTKFPX65,71.61
MP0119,B0BTKFPX65,71.61
MP0119,B0BTKFPX65,71.61
MP0119,B0BZHK7MFV,37.52
MP0119,B0BZHK7MFV,37.52
MP0119,B0C4F1PM3P,34.99
MP0119,B0C4F1PM3P,34.99
MP0119,B0C4PRLDP6,26.88
MP0119,B0CBWP8SQJ,46.49
MP0119,B0CGXHD1G7,29.99
MP0119,B0CGXHD1G7,29.99
MP0119,B0CGXHD1G7,29.99
MP0119,B0CGXHD1G7,29.99
MP0119,B0CPHYYNS7,37.01
MP0119,B0CRKDK1T8,34.76
MP0119,B0CVXFBRVT,33.99
MP0119,B0CW387QG1,25.54
MP0119,B0CYWFBK4H,42.01
MP0119,B0D4TRXLH9,19.22
MP0119,B0D77C1XB2,19.99
MP0119,B0D77C1XB2,19.99
MP0119,B0D77C1XB2,19.99
MP0119,B0D77C1XB2,19.99
MP0119,B0D77C1XB2,19.99
MP0119,B0D77C1XB2,19.99
MP0119,B0D77C1XB2,19.99
MP0119,B0D77C1XB2,19.99
MP0119,B0D77C1XB2,19.99
MP0119,B0D77C1XB2,19.99
MP0119,B0D7CR7RSJ,34.90
MP0119,B0D7CR7RSJ,34.90
MP0119,B0D89FND87,39.99
MP0119,B0D9GCKSXH,46.99
MP0119,B0D9GCKSXH,46.99
MP0119,B0DB27K2HV,24.99
MP0119,B0DB27K2HV,24.99
MP0119,B0DB27K2HV,24.99
MP0119,B0DD7NP6PP,30.94
MP0119,B0DD7NP6PP,30.94
MP0119,B0DD7NP6PP,30.94
MP0119,B0DD7NP6PP,30.94
MP0119,B0DD7NP6PP,30.94
MP0119,B0DDXCW9SR,35.99
MP0119,B0DSJC4WTK,17.99
MP0252,B00NWGQ3EG,24.89
MP0252,B071JNQS1J,32.99
MP0252,B07P4CQDWR,45.16
MP0252,B07VDD5QCT,39.99
MP0252,B07ZNMQPN7,39.99
MP0252,B07ZXKBV71,8.19
MP0252,B0814MGLBR,10.49
MP0252,B0855HR6F7,26.94
MP0252,B0855HR6F7,26.94
MP0252,B08F9R798Y,34.90
MP0252,B08F9R798Y,34.90
MP0252,B08K2HMQ3X,42.49
MP0252,B08RGDZD23,40.01
MP0252,B08RJKVF3Y,48.95
MP0252,B08SG9L154,25.00
MP0252,B09CV1HWBV,35.99
MP0252,B09FDFS128,25.00
MP0252,B09PF12C6W,14.79
MP0252,B09WTNWRCS,42.01
MP0252,B09WTNWRCS,42.01
MP0252,B09WTNWRCS,42.01
MP0252,B09WTNWRCS,42.01
MP0252,B09Z5ZDRNZ,20.98
MP0252,B0B6HWB7D9,34.95
MP0252,B0B8YC232G,62.90
MP0252,B0BG2F18QC,29.99
MP0252,B0BGX2CFDW,33.29
MP0252,B0BN1J5CXX,36.99
MP0252,B0BN1J5CXX,36.99
MP0252,B0BN1J5CXX,36.99
MP0252,B0BN1J5CXX,36.99
MP0252,B0BRH7YJKF,42.99
MP0252,B0BXWQHHRX,25.89
MP0252,B0BXWRQVTG,25.89
MP0252,B0BY8C6RYZ,45.00
MP0252,B0BY8ZJ8H8,39.99
MP0252,B0C16MSZ2Y,39.99
MP0252,B0C16MSZ2Y,39.99
MP0252,B0C2P3WSGC,36.59
MP0252,B0C53HH6CW,30.88
MP0252,B0C53HH6CW,30.88
MP0252,B0C6KQBMLL,29.85
MP0252,B0C8N1BJJW,33.61
MP0252,B0CD7Q7F3M,66.63
MP0252,B0CFHDR424,31.58
MP0252,B0CGST7T67,48.06
MP0252,B0CJC9L52G,25.00
MP0252,B0CJC9L52G,25.00
MP0252,B0CJC9L52G,25.00
MP0252,B0CJC9L52G,25.00
MP0252,B0CJC9L52G,25.00
MP0252,B0CJC9L52G,25.00
MP0252,B0CJC9L52G,25.00
MP0252,B0CJC9L52G,25.00
MP0252,B0CJC9L52G,25.00
MP0252,B0CJC9L52G,25.00
MP0252,B0CJC9L52G,25.00
MP0252,B0CJC9L52G,25.00
MP0252,B0CJC9L52G,25.00
MP0252,B0CKBPJYFC,36.13
MP0252,B0CKR92L66,57.59
MP0252,B0CLTP652M,101.57
MP0252,B0CLTP652M,101.57
MP0252,B0CLTP652M,101.57
MP0252,B0CLTP652M,101.57
MP0252,B0CLTP652M,101.57
MP0252,B0CM6DKPV9,26.00
MP0252,B0CM6DKPV9,26.00
MP0252,B0CM6DKPV9,26.00
MP0252,B0CM6DKPV9,26.00
MP0252,B0CNCMF8CQ,54.99
MP0252,B0CPBHZ3VX,7.99
MP0252,B0CPRY4PF6,32.99
MP0252,B0CQMZDWW9,45.05
MP0252,B0CQMZDWW9,45.05
MP0252,B0CQMZDWW9,45.05
MP0252,B0CQMZDWW9,45.05
MP0252,B0CQMZDWW9,45.05
MP0252,B0CQMZDWW9,45.05
MP0252,B0CQMZDWW9,45.05
MP0252,B0CQMZDWW9,45.05
MP0252,B0CQMZDWW9,45.05
MP0252,B0CQMZDWW9,45.05
MP0252,B0CQMZDWW9,45.05
MP0252,B0CQMZDWW9,45.05
MP0252,B0CQMZDWW9,45.05
MP0252,B0CQP5LXX7,10.08
MP0252,B0CQP5LXX7,10.08
MP0252,B0CQP5LXX7,10.08
MP0252,B0CQP5LXX7,10.08
MP0252,B0CQP5LXX7,10.08
MP0252,B0CQP5LXX7,10.08
MP0252,B0CQP5LXX7,10.08
MP0252,B0CQP5LXX7,10.08
MP0252,B0CQP5LXX7,10.08
MP0252,B0CQP5LXX7,10.08
MP0252,B0CQP5LXX7,10.08
MP0252,B0CT5N65DK,19.01
MP0252,B0D2K2JK1B,39.99
MP0252,B0D2K2JK1B,39.99
MP0252,B0D2K2JK1B,39.99
MP0252,B0D2K2JK1B,39.99
MP0252,B0D381W7K5,31.89
MP0252,B0D381WWWY,31.89
MP0252,B0D381WWWY,31.89
MP0252,B0D381WWWY,31.89
MP0252,B0D6KBBKW2,33.61
MP0252,B0D6KBBKW2,33.61
MP0252,B0D7Q2C74F,39.99
MP0252,B0D9JJVK1Q,25.99
MP0252,B0D9JJVK1Q,25.99
MP0252,B0D9JJVK1Q,25.99
MP0252,B0D9QG7LBS,39.99
MP0252,B0D9RQWBXJ,56.99
MP0252,B0DB1FN7RQ,27.99
MP0252,B0DB1FN7RQ,27.99
MP0252,B0DB8CWWRX,31.36
MP0252,B0DFM2W6RD,14.11
MP0252,B0DFM8JNBV,35.99
MP0252,B0DG58JPP2,41.29
MP0252,B0DHV78LR4,19.99
MP0252,B0DMF7T2G2,49.99
MP0393,B07DL9499D,30.24
MP0393,B07NT77GT8,34.99
MP0393,B07NT77GT8,34.99
MP0393,B07NT77GT8,34.99
MP0393,B098DH8N56,32.99
MP0393,B099BVTF3N,35.99
MP0393,B099WDFXYX,39.99
MP0393,B09G9G8CYL,35.99
MP0393,B09G9G8CYL,35.99
MP0393,B09PF12C6W,14.79
MP0393,B09QMGR2P7,25.99
MP0393,B09TR2DYFD,39.99
MP0393,B09W2KLZX5,39.99
MP0393,B09YV3BZX4,40.11
MP0393,B0B9BJ4NVM,32.29
MP0393,B0BP9XQWNP,31.99
MP0393,B0BR7JKJJM,41.37
MP0393,B0BYCT9HQB,16.99
MP0393,B0BZV3NV5B,39.99
MP0393,B0BZV3NV5B,39.99
MP0393,B0BZV3NV5B,39.99
MP0393,B0BZV3NV5B,39.99
MP0393,B0C1VQ9FGZ,53.00
MP0393,B0C36Y6RT6,41.99
MP0393,B0C36Y6RT6,41.99
MP0393,B0C36Y6RT6,41.99
MP0393,B0C36Y6RT6,41.99
MP0393,B0C4L9TBG3,39.99
MP0393,B0C6M1YZJH,20.39
MP0393,B0CF8LW7NL,69.99
MP0393,B0CG5GH69K,50.99
MP0393,B0CJJMJPJD,26.99
MP0393,B0CJRJDCHJ,27.06
MP0393,B0CL4T6TPJ,28.09
MP0393,B0CL9P1NM6,37.99
MP0393,B0CM2ZKPMS,96.04
MP0393,B0CQ4LG1QH,35.76
MP0393,B0CQJT3HJ5,39.99
MP0393,B0CRKFBQMQ,28.56
MP0393,B0CRKFBQMQ,28.56
MP0393,B0CRXL1TS1,23.99
MP0393,B0CRXL1TS1,23.99
MP0393,B0CS2VG68W,33.99
MP0393,B0CS2VG68W,33.99
MP0393,B0CS2VG68W,33.99
MP0393,B0CS2VG68W,33.99
MP0393,B0CVX13B58,63.99
MP0393,B0CVX13B58,63.99
MP0393,B0CVX13B58,63.99
MP0393,B0CVX13B58,63.99
MP0393,B0CVX13B58,63.99
MP0393,B0CZXY1NY3,34.99
MP0393,B0D12KYK5K,54.06
MP0393,B0D41NHZ7L,23.66
MP0393,B0D635NFWH,36.99
MP0393,B0D6395SLP,41.83
MP0393,B0D7VXSM79,53.63
MP0393,B0DBZSJ9MD,114.76
MP0393,B0DFH6GQMK,37.99
MP0393,B0DHKTX657,49.99
MP0393,B0DHTDN9WW,99.99
MP0393,B0DHVKF1YD,59.99
MP0393,B0DKFKNHSC,33.99
MP0393,B0DKNFNW3X,39.99
MP0393,B0DM8VQPBY,40.99
MP0393,B0DM8VQPBY,40.99
MP0393,B0DM8VQPBY,40.99
MP0393,B0DM8VQPBY,40.99
MP0393,B0DM8ZNX7M,40.99
MP0393,B0DMD261LP,36.99
MP0393,B0DQY2GY7T,19.99
MP0393,B0DZXH7BM7,30.04
MP0393,B0F3XK92JC,29.40
MP0402,B07CRDDVTJ,36.69
MP0402,B07F3282RZ,30.68
MP0402,B099BVTF3N,35.99
MP0402,B09BVG16PF,37.99
MP0402,B09BVG16PF,37.99
MP0402,B09FY5CDYW,29.98
MP0402,B0B5DGXZFY,29.90
MP0402,B0B8S4RN36,35.99
MP0402,B0B9BJ4NVM,32.29
MP0402,B0B9BJ4NVM,32.29
MP0402,B0B9BJ4NVM,32.29
MP0402,B0BCW876DG,32.99
MP0402,B0BG2NN3NS,36.99
MP0402,B0BQYS1YNX,39.99
MP0402,B0BQYS1YNX,39.99
MP0402,B0BQYS1YNX,39.99
MP0402,B0BZKT76GC,44.99
MP0402,B0BZW6FLZG,65.99
MP0402,B0C1J3SCRT,65.32
MP0402,B0C1J3SCRT,65.32
MP0402,B0CC93D432,21.07
MP0402,B0CC94SS2X,51.68
MP0402,B0CF8LW7NL,69.99
MP0402,B0CF8LW7NL,69.99
MP0402,B0CN2QRMBQ,27.06
MP0402,B0CPLKHM8J,42.99
MP0402,B0CQ3R4KNS,37.99
MP0402,B0CQ3R4KNS,37.99
MP0402,B0CQ3R4KNS,37.99
MP0402,B0CQ3R4KNS,37.99
MP0402,B0CRTNQW24,34.99
MP0402,B0CX94V2J9,52.99
MP0402,B0CYLL2GPM,29.77
MP0402,B0CH7Z5DR6,39.00
MP0402,B0D2HY14TN,55.99
MP0402,B0D33LYH3P,38.99
MP0402,B0D33LYH3P,38.99
MP0402,B0D3X973TF,36.99
MP0402,B0D5M9S6VL,42.99
MP0402,B0D61PZWRM,39.85
MP0402,B0D61PZWRM,39.85
MP0402,B0D62L3JWX,42.99
MP0402,B0D62L3JWX,42.99
MP0402,B0D62L3JWX,42.99
MP0402,B0D73LG1WT,75.15
MP0402,B0D8KD85M5,19.00
MP0402,B0DB88FXWK,39.91
MP0402,B0DDPBMKK4,62.99
MP0402,B0DHTDN9WW,99.99
MP0402,B0DHV6TNTJ,26.46
MP0402,B0DK88BW55,39.99
MP0402,B0DN152Z41,32.99
MP0402,B0DN152Z41,32.99
MP0402,B0DPN41868,26.06
MP0402,B0DPN41868,26.06
MP0402,B0DPN41868,26.06
MP0402,B0DRHNJTMK,39.99
MP0402,B0DRWBKCDL,31.99
MP0402,B0DRWBKCDL,31.99
MP0402,B0DRWBKCDL,31.99
MP0402,B0DRWBKCDL,31.99
MP0402,B0DWZXR9BG,51.80
MP0402,B0DX1TJV4F,50.78
MP0402,B0DZCSGNDS,43.99
MP0402,B0F48339Q2,30.23
MP0402,B0F4QW69P2,45.99
MP0402,B0F6CT4F8W,30.24
MP0467,B07NRV39WC,53.85
MP0467,B088BN69HM,32.90
MP0467,B088BN69HM,32.90
MP0467,B093Y6Z9H9,36.99
MP0467,B09G9DVFQK,38.99
MP0467,B09H5SW7ZD,35.90
MP0467,B09H5SW7ZD,35.90
MP0467,B09R1Z2TX7,39.99
MP0467,B09XF38JS2,37.99
MP0467,B0B62M9CN1,30.39
MP0467,B0B62M9CN1,30.39
MP0467,B0B7MYHD1W,40.99
MP0467,B0B97SPXTK,44.99
MP0467,B0BGJFRSPN,53.92
MP0467,B0BY26GRHC,39.99
MP0467,B0BY26R69C,39.99
MP0467,B0BYCWXCRD,45.07
MP0467,B0C3CNMSRN,37.99
MP0467,B0C4P3GBB4,46.99
MP0467,B0C7WCGRDG,51.96
MP0467,B0CGR7YS73,50.99
MP0467,B0CP9658FR,36.99
MP0467,B0CQ3R4KNS,37.99
MP0467,B0CVTD4FS9,39.99
MP0467,B0CY1YZJBZ,37.99
MP0467,B0CYPKBFCW,29.99
MP0467,B0CZCXHDKK,30.99
MP0467,B0CZCXHDKK,30.99
MP0467,B0CHMR7MMM,56.48
MP0467,B0D2XX2VW6,45.99
MP0467,B0D2XX2VW6,45.99
MP0467,B0D39G8SZ5,34.99
MP0467,B0D3XD8LG8,34.89
MP0467,B0D4V1SJFV,35.99
MP0467,B0D5QSN1QR,29.99
MP0467,B0D62L3JWX,42.99
MP0467,B0D7CR7RSJ,34.90
MP0467,B0D7HBMYY1,33.61
MP0467,B0D8VMWCCW,38.99
MP0467,B0D8VMWCCW,38.99
MP0467,B0D9Q43G1C,25.78
MP0467,B0DBDHW1YW,37.99
MP0467,B0DBDHW1YW,37.99
MP0467,B0DDXKVDFK,56.39
MP0467,B0DFC78YPH,49.99
MP0467,B0DFLTVBV9,31.99
MP0467,B0DFPYKK3Z,37.61
MP0467,B0DFPYKK3Z,37.61
MP0467,B0DFPYKK3Z,37.61
MP0467,B0DFPYKK3Z,37.61
MP0467,B0DFPYKK3Z,37.61
MP0467,B0DFPYKK3Z,37.61
MP0467,B0DFPYKK3Z,37.61
MP0467,B0DFPYKK3Z,37.61
MP0467,B0DFPYKK3Z,37.61
MP0467,B0DG2NKNF9,29.80
MP0467,B0DKTVDRM6,34.19
MP0467,B0DPPJNZ8B,32.33
MP0467,B0DRY76TZX,33.58
MP0467,B0DSJ4WJP4,25.00
MP0467,B0DSKYZ7TS,34.99
MP0467,B0DSKYZ7TS,34.99
MP0467,B0F23HDCVF,35.99
MP0467,B0F2M66NG2,34.99
MP0467,B0FDGQLNJG,29.37
MP0496,B00BHC6O5U,47.99
MP0496,B086L84KJ5,64.95
MP0496,B087TXHLVQ,43.99
MP0496,B088M3H73N,45.99
MP0496,B08935F8G6,35.99
MP0496,B09G9BKYZ4,38.99
MP0496,B09G9BKYZ4,38.99
MP0496,B09HGQC64R,39.89
MP0496,B09HGQC64R,39.89
MP0496,B09HZT344H,37.99
MP0496,B09HZT344H,37.99
MP0496,B09HZT344H,37.99
MP0496,B09HZT344H,37.99
MP0496,B09NLJF2P9,39.99
MP0496,B09XF7BCXT,37.99
MP0496,B09YQC3NDB,30.65
MP0496,B0B7XX565C,42.20
MP0496,B0BCG471QR,39.99
MP0496,B0C3CNMSRN,37.99
MP0496,B0C4KHLH8G,34.99
MP0496,B0CC5HL2RT,36.99
MP0496,B0CND6J4R7,32.99
MP0496,B0CND6V7KS,34.99
MP0496,B0CQ3R4KNS,37.99
MP0496,B0CQ3R4KNS,37.99
MP0496,B0CQ3R4KNS,37.99
MP0496,B0CRKFBQMQ,28.56
MP0496,B0CRKFBQMQ,28.56
MP0496,B0CRKFBQMQ,28.56
MP0496,B0CRKFBQMQ,28.56
MP0496,B0CRKFBQMQ,28.56
MP0496,B0CRXL1TS1,23.99
MP0496,B0CSPDKFNH,28.07
MP0496,B0CSPDKFNH,28.07
MP0496,B0CSPDKFNH,28.07
MP0496,B0CSPDKFNH,28.07
MP0496,B0CSPDKFNH,28.07
MP0496,B0CSPDKFNH,28.07
MP0496,B0CSPDKFNH,28.07
MP0496,B0CSPDKFNH,28.07
MP0496,B0CSPDKFNH,28.07
MP0496,B0CX8PSD85,42.99
MP0496,B0CX94691S,39.99
MP0496,B0CX9479SF,39.99
MP0496,B0CX94V2J9,52.99
MP0496,B0CXCGTN59,49.99
MP0496,B0CZ33HGK2,203.61
MP0496,B0CH7RNF44,36.99
MP0496,B0D17LM3HC,43.99
MP0496,B0D17M1X58,33.99
MP0496,B0D17NM9KY,43.99
MP0496,B0D2KKKQPV,84.77
MP0496,B0D2KLTBQ4,47.99
MP0496,B0D7W875XJ,79.99
MP0496,B0D8J377Q8,45.99
MP0496,B0D8SGPVCT,33.10
MP0496,B0D8SGPVCT,33.10
MP0496,B0D8SGPVCT,33.10
MP0496,B0D8SGPVCT,33.10
MP0496,B0D8VL2XG8,25.20
MP0496,B0D9B7NQCB,39.99
MP0496,B0DBLBHHV6,69.99
MP0496,B0DM5D7T1T,40.60
MP0496,B0DRWBKCDL,31.99
MP0496,B0DRWBKCDL,31.99
MP0496,B0DRWBKCDL,31.99
MP0496,B0DRWBKCDL,31.99
MP0496,B0DRWBKCDL,31.99
MP0496,B0DRWBKCDL,31.99
MP0496,B0DRWBKCDL,31.99
MP0496,B0DSBXBGH4,38.99
MP0496,B0DX5KD33T,39.99
MP0496,B0DX5KD33T,39.99
MP0496,B0DX5KD33T,39.99
MP0496,B0DX6891T1,39.99
MP0496,B0DX6891T1,39.99
MP0496,B0DZXKBYBP,25.20
MP0496,B0F138M8BG,38.99
MP0496,B0F138M8BG,38.99
MP0496,B0F138M8BG,38.99
MP0496,B0F6SB3ZXT,31.99
MP0496,B0F7LD8XK8,52.99
MP0496,B0F8HZDWS8,49.00
MP0527,B07J6MYR9P,28.57
MP0527,B082MH2712,29.99
MP0527,B091283X1J,29.99
MP0527,B09DX2796G,35.99
MP0527,B0B5DGXZFY,29.90
MP0527,B0B5DGXZFY,29.90
MP0527,B0BJB5VY5X,43.44
MP0527,B0BM7WYMPY,37.74
MP0527,B0BN3SHY5Y,39.99
MP0527,B0BTKFPX65,71.61
MP0527,B0BTKFPX65,71.61
MP0527,B0C1J3SCRT,65.32
MP0527,B0C6G7X2VN,44.99
MP0527,B0CJQSHJWY,35.98
MP0527,B0CJQSHJWY,35.98
MP0527,B0CKMTYKK4,49.99
MP0527,B0CLNK214Z,44.99
MP0527,B0CLLNXFZJ,42.99
MP0527,B0CLLNXFZJ,42.99
MP0527,B0CP3WPTZB,36.99
MP0527,B0CP3WPTZB,36.99
MP0527,B0CQ3R4KNS,37.99
MP0527,B0CQ3R4KNS,37.99
MP0527,B0CQ3R4KNS,37.99
MP0527,B0CQ4NPXGX,32.92
MP0527,B0CR2YNR1W,32.99
MP0527,B0CR2YNR1W,32.99
MP0527,B0CYLX564J,34.99
MP0527,B0CYLX564J,34.99
MP0527,B0CYLX564J,34.99
MP0527,B0D5R1YCSV,37.99
MP0527,B0D61PZWRM,39.85
MP0527,B0D61PZWRM,39.85
MP0527,B0D62L3JWX,42.99
MP0527,B0D62L3JWX,42.99
MP0527,B0D9QG6JWH,48.99
MP0527,B0DBR4RDCJ,34.99
MP0527,B0DJSN697Q,39.99
MP0527,B0DJSN697Q,39.99
MP0527,B0DJSN697Q,39.99
MP0527,B0DJSY7CKX,28.47
MP0527,B0DK6LYPF9,32.98
MP0527,B0DK6LYPF9,32.98
MP0527,B0DK6TPDRR,67.80
MP0527,B0DPVVZTB1,35.99
MP0527,B0DQTDWV5T,47.99
MP0527,B0DQTW8BBW,35.99
MP0527,B0DQTW8BBW,35.99
MP0527,B0DX1XPRFW,45.16
MP0527,B0DX1XPRFW,45.16
MP0527,B0DXSR3VDH,33.61
MP0527,B0DYS5W4M1,45.99
MP0527,B0F3W6B3ZC,49.89
MP0527,B0F3W6B3ZC,49.89
MP0527,B0F42LPSQS,52.99
MP0527,B0FHPGT3JK,50.00
MP0537,B00FGKH6CO,41.43
MP0537,B0196G5210,44.99
MP0537,B01KXOZS1S,36.90
MP0537,B078KNKNTP,34.99
MP0537,B07SG5TK6M,24.92
MP0537,B083FFSCMT,37.99
MP0537,B083SNFM2P,13.99
MP0537,B08HHWQM12,29.99
MP0537,B08HQT3HCF,48.79
MP0537,B09DX335RG,35.99
MP0537,B09FSS996Y,159.99
MP0537,B09H5THBMM,35.90
MP0537,B09H5THBMM,35.90
MP0537,B09HKNRN87,37.99
MP0537,B0B2F5LKTM,44.00
MP0537,B0B8VQKMKP,37.99
MP0537,B0BGJBZTTB,45.99
MP0537,B0BGJFRSPN,53.92
MP0537,B0BKFNK786,53.37
MP0537,B0BLY5LDGX,29.99
MP0537,B0BLY5LDGX,29.99
MP0537,B0BTHYTWQN,32.79
MP0537,B0BVH7CWYM,33.99
MP0537,B0BXNJBQFT,49.99
MP0537,B0BZW6FLZG,65.99
MP0537,B0BZW76PCZ,69.99
MP0537,B0BZW76PCZ,69.99
MP0537,B0BZW76PCZ,69.99
MP0537,B0C619FTCL,49.99
MP0537,B0C619FTCL,49.99
MP0537,B0C619FTCL,49.99
MP0537,B0C7WCGRDG,51.96
MP0537,B0CDB8STPW,37.99
MP0537,B0CDB8STPW,37.99
MP0537,B0CDBC15DP,30.24
MP0537,B0CMTJHPW1,38.99
MP0537,B0CQ3R4KNS,37.99
MP0537,B0CQ3R4KNS,37.99
MP0537,B0CQ3R4KNS,37.99
MP0537,B0CQ3R4KNS,37.99
MP0537,B0CRXL1TS1,23.99
MP0537,B0CWRDRVYW,57.99
MP0537,B0CYH7VRY9,49.99
MP0537,B0CYZPQRYX,45.89
MP0537,B0D549HDVR,28.34
MP0537,B0D9L8FQBG,34.99
MP0537,B0DCBJNTXY,37.99
MP0537,B0DFFMG63V,40.84
MP0537,B0DG8B8FFT,27.53
MP0537,B0DKFHV1KM,45.99
MP0537,B0DKN9NXM4,36.99
MP0537,B0DL56TRLP,99.99
MP0537,B0DMVK7YX1,44.25
MP0537,B0DNM3KJVD,46.72
MP0537,B0DNM3KJVD,46.72
MP0537,B0DNT78B72,35.99
MP0537,B0DPH4ZW2M,109.99
MP0537,B0DPVVZTB1,35.99
MP0537,B0DPVW3GZL,44.67
MP0537,B0DSFYTRGL,25.99
MP0537,B0DSFYTRGL,25.99
MP0537,B0DVLNH6XH,45.99
MP0537,B0DY7J76WX,33.27
MP0537,B0DY7J76WX,33.27
MP0537,B0DY7J76WX,33.27
MP0537,B0DY7VG1LV,26.99
MP0537,B0DZXFR9QN,33.99
MP0537,B0DZXFR9QN,33.99
MP0537,B0F21W2F8M,19.99
MP0537,B0F21W2F8M,19.99
MP0537,B0F21W4GTC,29.99
MP0537,B0F21X7CBL,31.99
MP0537,B0F226Y2XH,36.99
MP0537,B0F2837457,39.99
MP0540,B095KDBVDF,45.99
MP0540,B09LQHW2TV,14.96
MP0540,B09XJWKNCX,44.99
MP0540,B0BHJHQRRD,35.99
MP0540,B0BYNRMBNF,30.99
MP0540,B0BYNSGK2B,30.99
MP0540,B0BYNSGK2B,30.99
MP0540,B0BYNSGK2B,30.99
MP0540,B0C5GYXKK5,35.99
MP0540,B0C5GYXKK5,35.99
MP0540,B0C6LQ7XWG,34.99
MP0540,B0CBRBD48P,32.99
MP0540,B0CBRC9QPX,39.99
MP0540,B0CBRD87Z5,36.99
MP0540,B0CBRY6D2R,36.99
MP0540,B0CBRZVQZG,32.99
MP0540,B0CBS1BCZ5,36.99
MP0540,B0CBS21L94,39.99
MP0540,B0CDH26R8W,32.99
MP0540,B0CDH26R8W,32.99
MP0540,B0CG5FZRYG,25.99
MP0540,B0CJ2R7P4S,29.99
MP0540,B0CJ2R7P4S,29.99
MP0540,B0CJLWK3C9,27.99
MP0540,B0CK5NFNWX,56.36
MP0540,B0CK5RQWMG,30.26
MP0540,B0CPTSJSYY,26.53
MP0540,B0CPTSJSYY,26.53
MP0540,B0CPTSJSYY,26.53
MP0540,B0CPTSJSYY,26.53
MP0540,B0CPTSJSYY,26.53
MP0540,B0CPTSJSYY,26.53
MP0540,B0CQPTJJTR,39.99
MP0540,B0CQPXH2JL,42.99
MP0540,B0CQQFFV74,29.99
MP0540,B0CS6946J3,36.99
MP0540,B0CW15KCJJ,32.00
MP0540,B0CHVR5F2J,36.99
MP0540,B0D17GT37S,39.99
MP0540,B0D1BB2XFJ,32.00
MP0540,B0D1BB2XFJ,32.00
MP0540,B0D1G7613Y,36.88
MP0540,B0D1KB6C62,43.00
MP0540,B0D1KF1JT5,31.00
MP0540,B0D1Q7K7MH,34.99
MP0540,B0D3KZZXFQ,26.16
MP0540,B0D3KZZXFQ,26.16
MP0540,B0D3KZZXFQ,26.16
MP0540,B0D3TN3B6S,34.99
MP0540,B0D5CQFFDW,27.99
MP0540,B0DC5ZQDHW,42.63
MP0540,B0DC5ZQDHW,42.63
MP0540,B0DC5ZQDHW,42.63
MP0540,B0DC5ZQDHW,42.63
MP0540,B0DC5ZQDHW,42.63
MP0540,B0DC5ZQDHW,42.63
MP0540,B0DC5ZQDHW,42.63
MP0540,B0DC5ZQDHW,42.63
MP0540,B0DC5ZQDHW,42.63
MP0540,B0DC5ZQDHW,42.63
MP0540,B0DC5ZQDHW,42.63
MP0540,B0DC5ZQDHW,42.63
MP0540,B0DD7NP6PP,30.94
MP0540,B0DD7NP6PP,30.94
MP0540,B0DFGLTXWZ,38.00
MP0540,B0DMFMQ8B4,56.36
MP0540,B0DX63FD35,29.02
MP0540,B0DX63FD35,29.02
MP0540,B0DX63FD35,29.02
MP0540,B0DXVJM334,36.99
MP0540,B0DXVJM334,36.99
MP0540,B0DXVJM334,36.99
MP0540,B0DXVJM334,36.99
MP0540,B0DXVJM334,36.99
MP0540,B0DXVJM334,36.99
MP0540,B0DXVJM334,36.99
MP0540,B0DXVJM334,36.99
MP0540,B0F246ZQKF,34.99
MP0540,B0F246ZQKF,34.99
MP0540,B0F246ZQKF,34.99
MP0540,B0F7X2ZNLW,26.99
MP0540,B0F8GFVHYX,29.99
MP0544,B00UH9TAL4,39.99
MP0544,B07J6Q211R,39.99
MP0544,B07J6Q211R,39.99
MP0544,B07J6Q211R,39.99
MP0544,B07J6Q211R,39.99
MP0544,B07MTYHKZC,39.99
MP0544,B07R8SNZWT,27.53
MP0544,B08JGJ3VMS,49.99
MP0544,B08TBG83C3,49.99
MP0544,B0998PWLC5,59.99
MP0544,B09XF38JS2,37.99
MP0544,B0BC83R45Y,59.99
MP0544,B0BPQL72YC,44.99
MP0544,B0BQXR2M39,29.89
MP0544,B0BQXR2M39,29.89
MP0544,B0BTCLG237,37.99
MP0544,B0C276TCHC,77.99
MP0544,B0CCV2JQJD,37.99
MP0544,B0CCV2JQJD,37.99
MP0544,B0CPHYYNS7,37.01
MP0544,B0CQ7R4K4K,34.99
MP0544,B0CT3MWN75,139.99
MP0544,B0CX1H5JLK,26.02
MP0544,B0D1FLJGS2,27.53
MP0544,B0D1FLJGS2,27.53
MP0544,B0D1G44ZQH,27.00
MP0544,B0D1G44ZQH,27.00
MP0544,B0D1K7C48H,29.99
MP0544,B0D2XN9NB5,28.56
MP0544,B0D6QP1732,40.83
MP0544,B0D6QP1732,40.83
MP0544,B0D6QP1732,40.83
MP0544,B0D6QP1732,40.83
MP0544,B0D6QP1732,40.83
MP0544,B0D6QP1732,40.83
MP0544,B0D6QP1732,40.83
MP0544,B0D6QP1732,40.83
MP0544,B0D6QP1732,40.83
MP0544,B0D6QP1732,40.83
MP0544,B0D7PY96DJ,31.99
MP0544,B0D9L8FT37,31.44
MP0544,B0DFYGQ5N2,50.18
MP0544,B0DJM9XYYW,35.99
MP0544,B0DJSN697Q,39.99
MP0544,B0DJSTKYKP,29.40
MP0544,B0DJSVR25L,48.93
MP0544,B0DJSVR25L,48.93
MP0544,B0DJSVSWWW,46.42
MP0544,B0DJSVSWWW,46.42
MP0544,B0DJSVSWWW,46.42
MP0544,B0DJSVSWWW,46.42
MP0544,B0DJSVSWWW,46.42
MP0544,B0DJXS4RV8,29.99
MP0544,B0DMRX8P78,35.99
MP0544,B0DQT92S84,109.99
MP0544,B0DXFDWZJ5,47.99
MP0544,B0DXSR3VDH,33.61
MP0544,B0F1YHJCRP,48.99
MP0544,B0F3BWZ6FP,30.24
MP0544,B0F3BWZ6FP,30.24
MP0544,B0F3BWZ6FP,30.24
MP0544,B0F3BWZ6FP,30.24
MP0544,B0F3BWZ6FP,30.24
MP0544,B0F3BWZ6FP,30.24
MP0544,B0F4KGGB67,69.99
MP0544,B0F6YJCY5W,28.48
MP0554,B078KWXT2W,44.99
MP0554,B083SNFM2P,13.99
MP0554,B08FX6ZPV6,36.99
MP0554,B08HQT3HCF,48.79
MP0554,B08HQT3HCF,48.79
MP0554,B08NDX4RC3,34.99
MP0554,B09G9F2PPJ,36.99
MP0554,B09G9TVM4Q,38.99
MP0554,B09G9TVM4Q,38.99
MP0554,B09G9TVM4Q,38.99
MP0554,B09HBDQ4WY,38.99
MP0554,B09YV1TJMB,45.99
MP0554,B0B8MBHHVZ,45.99
MP0554,B0BCKDBTCC,36.99
MP0554,B0BCKDBTCC,36.99
MP0554,B0BCKDBTCC,36.99
MP0554,B0BCKDBTCC,36.99
MP0554,B0BCKDBTCC,36.99
MP0554,B0BXNX1K2D,45.99
MP0554,B0C6F4LZL2,89.99
MP0554,B0C9M58JHC,18.03
MP0554,B0CJQVZT72,18.99
MP0554,B0CJQVZT72,18.99
MP0554,B0CLRSG3JQ,35.99
MP0554,B0CLRSG3JQ,35.99
MP0554,B0CLRSG3JQ,35.99
MP0554,B0CLRSG3JQ,35.99
MP0554,B0CPDQ77LS,38.84
MP0554,B0CPDQ77LS,38.84
MP0554,B0CPDQ77LS,38.84
MP0554,B0CS2VBK7N,39.99
MP0554,B0CYSP8S69,35.98
MP0554,B0CZ639HGD,18.89
MP0554,B0CHWCBDGV,36.99
MP0554,B0D1G44ZQH,27.00
MP0554,B0D2619XZS,139.99
MP0554,B0D3HX1SDV,29.99
MP0554,B0D542LHFB,85.40
MP0554,B0DGL151WM,46.59
MP0554,B0DGL151WM,46.59
MP0554,B0DGX3T4MK,31.91
MP0554,B0DK6TCBCK,44.52
MP0554,B0DM997YZS,26.99
MP0554,B0DP4F9QY4,42.99
MP0554,B0DSL4RR6S,28.68
MP0554,B0DX1XC4CG,31.08
MP0554,B0DXZ2V583,45.99
MP0554,B0DY7J76WX,33.27
MP0554,B0DZ286FBR,39.99
MP0554,B0F28NYV8L,79.99
MP0554,B0F28NYV8L,79.99
MP0554,B0F99VVNT4,79.99
MP0574,B07D32PVF7,39.00
MP0574,B098DDRDKQ,29.99
MP0574,B09BQT46H9,45.99
MP0574,B09R1Z2TX7,39.99
MP0574,B09R1Z2TX7,39.99
MP0574,B09R1Z2TX7,39.99
MP0574,B09Y8D6NDJ,37.80
MP0574,B0BKQNM41Y,109.99
MP0574,B0BN6P23N4,25.99
MP0574,B0CBVMWW3S,37.90
MP0574,B0CD1XJR81,28.69
MP0574,B0CD41N4MM,26.34
MP0574,B0CDHLKJKK,30.90
MP0574,B0CDHLKJKK,30.90
MP0574,B0CL8P9V51,29.99
MP0574,B0CRTNQW24,34.99
MP0574,B0CWNZSW5M,43.25
MP0574,B0CY1YZJBZ,37.99
MP0574,B0CYPJWMDT,38.00
MP0574,B0CYPK1CW2,38.99
MP0574,B0CZJQ3W8C,34.99
MP0574,B0CH7WQLWC,33.24
MP0574,B0CHYCWXFD,49.99
MP0574,B0D17LF5YZ,32.89
MP0574,B0D17M78XF,33.99
MP0574,B0D1G44ZQH,27.00
MP0574,B0D1MGST3H,40.89
MP0574,B0D2RGWK9Y,52.49
MP0574,B0D2Y7XMG7,45.89
MP0574,B0D33LNGC5,38.99
MP0574,B0D3X973TF,36.99
MP0574,B0D47BX5YS,32.99
MP0574,B0DBV9VSMC,29.99
MP0574,B0DDT3N2CY,35.99
MP0574,B0DGXHXPKM,99.99
MP0574,B0DJ8CTPQB,229.99
MP0574,B0DJY45J24,59.99
MP0574,B0DJY45J24,59.99
MP0574,B0DK3BWK49,35.99
MP0574,B0DK3BWK49,35.99
MP0574,B0DKNFNT6M,35.99
MP0574,B0DKNFNT6M,35.99
MP0574,B0DKSVQXBM,45.99
MP0574,B0DLG6S1HB,27.22
MP0574,B0DQL2V7GZ,45.99
MP0574,B0DQNXNXNC,23.77
MP0574,B0DR86YDM4,44.95
MP0574,B0DS5QT2KJ,76.99
MP0574,B0DWHHJRY2,27.97
MP0574,B0DX1XPRFW,45.16
MP0574,B0DX1XPRFW,45.16
MP0574,B0DX6RGQK7,49.98
MP0574,B0DXKX6WNS,23.66
MP0574,B0DZ655N82,35.99
MP0574,B0DZ655N82,35.99
MP0574,B0F13B6C21,33.29
MP0574,B0F4D4DY5H,29.99
MP0574,B0F6X7H94J,36.99
MP0588,B006PR1BTQ,59.99
MP0588,B07D32PVF7,39.00
MP0588,B083FFP8MW,35.99
MP0588,B083SNFM2P,13.99
MP0588,B083SNFM2P,13.99
MP0588,B08FXNNBWH,49.99
MP0588,B08HQT3HCF,48.79
MP0588,B08ZKD5JPR,39.99
MP0588,B09H67NNTM,50.08
MP0588,B09P1DXPVR,25.31
MP0588,B0B8VV2JB1,49.91
MP0588,B0B9F9GP9B,47.69
MP0588,B0B9F9GP9B,47.69
MP0588,B0BFHYYJ96,75.99
MP0588,B0BSD8XNNB,23.03
MP0588,B0BTDHYHSF,189.00
MP0588,B0BTDHYHSF,189.00
MP0588,B0BZW76PCZ,69.99
MP0588,B0BZW76PCZ,69.99
MP0588,B0BZW76PCZ,69.99
MP0588,B0C73ZC4DW,35.99
MP0588,B0C73ZC4DW,35.99
MP0588,B0C8F7LKCZ,25.95
MP0588,B0CCV2JQJD,37.99
MP0588,B0CJTPZ211,35.99
MP0588,B0CJTPZ211,35.99
MP0588,B0CQ84BSPY,59.99
MP0588,B0CVGMPZNP,73.85
MP0588,B0D2LC5292,80.69
MP0588,B0D2MRQSG8,39.99
MP0588,B0D3PZSTQM,32.39
MP0588,B0D3PZSTQM,32.39
MP0588,B0D3X7GM5Z,37.99
MP0588,B0D4DLQ8NC,29.99
MP0588,B0D5B8FNW9,96.04
MP0588,B0D5B8FNW9,96.04
MP0588,B0D6RHHPJJ,29.99
MP0588,B0D8VMWCCW,38.99
MP0588,B0D9GN53F6,33.99
MP0588,B0DJ767LGK,25.99
MP0588,B0DL5MVZFB,49.00
MP0588,B0DN68LN5F,79.99
MP0588,B0DQ45488B,59.99
MP0588,B0DS5QT2KJ,76.99
MP0588,B0DXDK3ZZF,54.78
MP0588,B0F28NYV8L,79.99
MP0588,B0F28NYV8L,79.99
MP0588,B0F4CQCWRT,29.99
MP0588,B0F4D48T5S,29.99
MP0588,B0F6SP2CJP,50.38
MP0588,B0FWBV5YM3,79.99
MP0592,B00WFKJWPM,229.99
MP0592,B07MTYHKZC,39.99
MP0592,B07MTYHKZC,39.99
MP0592,B07MV2DLJS,50.99
MP0592,B07STBR2JS,32.99
MP0592,B0828R6K22,39.89
MP0592,B0828R6K22,39.89
MP0592,B0828R6K22,39.89
MP0592,B088NRP3P1,91.99
MP0592,B08935F8G6,35.99
MP0592,B093HHHKY7,28.73
MP0592,B0999N78NW,109.99
MP0592,B09DX1BDZB,29.99
MP0592,B0BC83R45Y,59.99
MP0592,B0BLV7HF96,23.34
MP0592,B0BLV7HF96,23.34
MP0592,B0BTD3YR3B,37.99
MP0592,B0BXQT9FV8,39.95
MP0592,B0BXQT9FV8,39.95
MP0592,B0BXQT9FV8,39.95
MP0592,B0BZKQP59C,34.99
MP0592,B0BZW6FLZG,65.99
MP0592,B0C2CMM4BN,39.99
MP0592,B0C2CR3H7P,39.99
MP0592,B0C2CR3H7P,39.99
MP0592,B0C2CR3H7P,39.99
MP0592,B0C4Z2Y2KV,42.99
MP0592,B0C4Z9PNR5,25.00
MP0592,B0CBTQK6SP,44.79
MP0592,B0CL63Y78Q,34.99
MP0592,B0CQ3R4KNS,37.99
MP0592,B0CQ3R4KNS,37.99
MP0592,B0CQ3R4KNS,37.99
MP0592,B0CQ3R4KNS,37.99
MP0592,B0CQ3R4KNS,37.99
MP0592,B0CR19Y5T9,53.24
MP0592,B0CYSP8S69,35.98
MP0592,B0CYSP8S69,35.98
MP0592,B0CH7WQLWC,33.24
MP0592,B0CH7WQLWC,33.24
MP0592,B0D17KC5SW,38.99
MP0592,B0D17KC5SW,38.99
MP0592,B0D17NNWT7,31.99
MP0592,B0D2KLYSK3,89.77
MP0592,B0D8KF5GYQ,30.99
MP0592,B0D8PN5XPD,33.70
MP0592,B0D8PN5XPD,33.70
MP0592,B0D9L8FQBG,34.99
MP0592,B0DBH31MT2,39.99
MP0592,B0DBZFDYZP,30.85
MP0592,B0DBZFDYZP,30.85
MP0592,B0DD4482VJ,35.99
MP0592,B0DF7K5Q3H,34.99
MP0592,B0DFM8JNBV,35.99
MP0592,B0DMF51X2G,28.70
MP0592,B0DMVYMYFS,99.00
MP0592,B0DP7SBZV5,95.99
MP0592,B0DPWRTW3H,199.99
MP0592,B0DQ7XWQBN,42.49
MP0592,B0DQVZ6NZJ,27.69
MP0592,B0DRV79QD8,37.99
MP0592,B0DRV79QD8,37.99
MP0592,B0DXKX6WNS,23.66
MP0592,B0DXNYLDXV,19.99
MP0592,B0DYJ1XHFG,39.99
MP0592,B0F12ZWGVZ,59.99
MP0592,B0F21VCVSV,199.99
MP0592,B0F9WGV18D,25.20
MP0610,B0196K0WLQ,44.99
MP0610,B07J6Q211R,39.99
MP0610,B07PHNZ37L,85.99
MP0610,B08FX6ZPV6,36.99
MP0610,B08TBG83C3,49.99
MP0610,B08Z84KQ84,55.22
MP0610,B08Z84KQ84,55.22
MP0610,B091XN18YH,59.99
MP0610,B09DX2796G,35.99
MP0610,B09DX2WC19,35.99
MP0610,B09G9G8CYL,35.99
MP0610,B09H5SW7ZD,35.90
MP0610,B0BKK3ZLJX,56.94
MP0610,B0BP4GV1TM,39.97
MP0610,B0C53HH6CW,30.88
MP0610,B0C53HH6CW,30.88
MP0610,B0C53HH6CW,30.88
MP0610,B0CFV7SNGZ,38.13
MP0610,B0CJ994G4J,97.66
MP0610,B0CL4T6TPJ,28.09
MP0610,B0CL8P9V51,29.99
MP0610,B0CNGMB8LP,35.99
MP0610,B0CNGMB8LP,35.99
MP0610,B0CNGMB8LP,35.99
MP0610,B0CPFPZJRS,53.49
MP0610,B0CPFPZJRS,53.49
MP0610,B0CQ1HSC99,44.99
MP0610,B0CQ3R4KNS,37.99
MP0610,B0CQ3R4KNS,37.99
MP0610,B0CQNV8WBS,209.99
MP0610,B0CQZCB557,47.99
MP0610,B0CT3Q9H2X,119.99
MP0610,B0CYGW59PH,49.99
MP0610,B0D12FMN8N,32.93
MP0610,B0D3XDRG6B,34.89
MP0610,B0D5BJMKQW,106.99
MP0610,B0D62L3JWX,42.99
MP0610,B0D62L3JWX,42.99
MP0610,B0D62L3JWX,42.99
MP0610,B0D62L3JWX,42.99
MP0610,B0D6VJCBH8,89.99
MP0610,B0D8KXV173,138.00
MP0610,B0DD7NP6PP,30.94
MP0610,B0DF78RLTH,33.14
MP0610,B0DFH6GQMK,37.99
MP0610,B0DJ3HSKW2,129.99
MP0610,B0DKXJVKJQ,37.99
MP0610,B0DM8Q5SP6,74.99
MP0610,B0DQ3S44NH,39.99
MP0610,B0DQ7XWQBN,42.49
MP0610,B0DRYCYYQ6,155.01
MP0610,B0DY7TKK6L,28.74
MP0610,B0DY7WL3T4,65.99
MP0610,B0DYV31K79,48.44
MP0610,B0DYV31K79,48.44
MP0610,B0F223X2C2,31.99
MP0610,B0F282CLLL,39.99
MP0610,B0F37XCDGX,39.99
MP0610,B0FDGQLNJG,29.37
MP0657,B07NRV39WC,53.85
MP0657,B07PM68J1Z,39.97
MP0657,B07PM68J1Z,39.97
MP0657,B07PM68J1Z,39.97
MP0657,B07PM68J1Z,39.97
MP0657,B07PM68J1Z,39.97
MP0657,B08SW8T8JX,40.99
MP0657,B09R1Z2TX7,39.99
MP0657,B0BFPNTN4D,32.99
MP0657,B0BHN8RJJG,39.99
MP0657,B0BP4F2DLP,39.97
MP0657,B0BQYH2Q4P,49.99
MP0657,B0BTKFPX65,71.61
MP0657,B0BTKFPX65,71.61
MP0657,B0BXQT9FV8,39.95
MP0657,B0BXQT9FV8,39.95
MP0657,B0BXQT9FV8,39.95
MP0657,B0BXQT9FV8,39.95
MP0657,B0BXQT9FV8,39.95
MP0657,B0BXQT9FV8,39.95
MP0657,B0BXQT9FV8,39.95
MP0657,B0BXQT9FV8,39.95
MP0657,B0BZDHFWJH,27.99
MP0657,B0C8F7LKCZ,25.95
MP0657,B0C8F7LKCZ,25.95
MP0657,B0C9JBCJYD,32.99
MP0657,B0CFFPN75P,33.99
MP0657,B0CGXRJX1G,31.14
MP0657,B0CLNK214Z,44.99
MP0657,B0CLNK214Z,44.99
MP0657,B0CLNK214Z,44.99
MP0657,B0CLYF1M8V,43.69
MP0657,B0CLYF1M8V,43.69
MP0657,B0CLLNXFZJ,42.99
MP0657,B0CN52JLPC,28.95
MP0657,B0CQ3R4KNS,37.99
MP0657,B0CQ3R4KNS,37.99
MP0657,B0CQ3R4KNS,37.99
MP0657,B0CQ3R4KNS,37.99
MP0657,B0CQ3R4KNS,37.99
MP0657,B0CQ3R4KNS,37.99
MP0657,B0CQ3R4KNS,37.99
MP0657,B0CQ3R4KNS,37.99
MP0657,B0CQ3R4KNS,37.99
MP0657,B0CQ3R4KNS,37.99
MP0657,B0CQ3R4KNS,37.99
MP0657,B0CQ3R4KNS,37.99
MP0657,B0CQ3R4KNS,37.99
MP0657,B0CWQPZSZT,49.99
MP0657,B0CWQPZSZT,49.99
MP0657,B0CXX58BMT,36.54
MP0657,B0CYGW59PH,49.99
MP0657,B0CYGW59PH,49.99
MP0657,B0CYH3VW5Q,33.99
MP0657,B0CYPK1CW2,38.99
MP0657,B0CH7RNF44,36.99
MP0657,B0CHWCBDGV,36.99
MP0657,B0D1C6H5P1,27.99
MP0657,B0D1G44ZQH,27.00
MP0657,B0D61PZWRM,39.85
MP0657,B0D61PZWRM,39.85
MP0657,B0D62L3JWX,42.99
MP0657,B0D62L3JWX,42.99
MP0657,B0D75M2Y1T,29.99
MP0657,B0D75M2Y1T,29.99
MP0657,B0D75M2Y1T,29.99
MP0657,B0D75M2Y1T,29.99
MP0657,B0D75M2Y1T,29.99
MP0657,B0D7HL739Z,36.99
MP0657,B0D7HL739Z,36.99
MP0657,B0D7MFQMPG,59.49
MP0657,B0DD7NV6JC,35.99
MP0657,B0DD7NV6JC,35.99
MP0657,B0DD7NV6JC,35.99
MP0657,B0DD7NV6JC,35.99
MP0657,B0DD7NV6JC,35.99
MP0657,B0DD7NV6JC,35.99
MP0657,B0DD7NV6JC,35.99
MP0657,B0DD7NV6JC,35.99
MP0657,B0DD7NV6JC,35.99
MP0657,B0DD7NV6JC,35.99
MP0657,B0DD7NV6JC,35.99
MP0657,B0DD7NV6JC,35.99
MP0657,B0DD7NV6JC,35.99
MP0657,B0DKFKNHSC,33.99
MP0657,B0DLRC6X59,34.99
MP0657,B0DP4HVFBL,42.99
MP0657,B0DPZNFR2Q,30.99
MP0657,B0DPZNFR2Q,30.99
MP0657,B0DQT92S84,109.99
MP0657,B0DR2D3RWQ,39.99
MP0657,B0DRV3M2K1,39.99
MP0657,B0DRV3M2K1,39.99
MP0657,B0DY7J76WX,33.27
MP0657,B0FDQGXZ17,37.99
MP0657,B0FDQGXZ17,37.99
MP0675,B07NRV39WC,53.85
MP0675,B07NRV39WC,53.85
MP0675,B07NRV39WC,53.85
MP0675,B07PM68J1Z,39.97
MP0675,B083G2GBD3,139.99
MP0675,B08HQT3HCF,48.79
MP0675,B08HQT3HCF,48.79
MP0675,B08HQT3HCF,48.79
MP0675,B08HQT3HCF,48.79
MP0675,B08K3BGKXG,32.98
MP0675,B08R3QFMT6,39.99
MP0675,B08R3QFMT6,39.99
MP0675,B08Y88Q6RR,36.99
MP0675,B08Y88Q6RR,36.99
MP0675,B08Y88Q6RR,36.99
MP0675,B08ZMW7LMP,44.90
MP0675,B09725QZ2H,45.28
MP0675,B09H5SW7ZD,35.90
MP0675,B09PL82K7Y,50.19
MP0675,B09VBGTTLX,49.99
MP0675,B0BP4F2DLP,39.97
MP0675,B0BP4F2DLP,39.97
MP0675,B0BP4F2DLP,39.97
MP0675,B0BP4F2DLP,39.97
MP0675,B0BQYPLPB6,59.99
MP0675,B0BWXXXMQ7,35.99
MP0675,B0BXQT9FV8,39.95
MP0675,B0C2CHNWL2,30.59
MP0675,B0C2CHNWL2,30.59
MP0675,B0CCGNZTQM,16.71
MP0675,B0CCGNZTQM,16.71
MP0675,B0CCGNZTQM,16.71
MP0675,B0CCGNZTQM,16.71
MP0675,B0CCGNZTQM,16.71
MP0675,B0CCGNZTQM,16.71
MP0675,B0CCGNZTQM,16.71
MP0675,B0CCGNZTQM,16.71
MP0675,B0CJ4P4R9B,34.99
MP0675,B0CJ4P4R9B,34.99
MP0675,B0CKMTYKK4,49.99
MP0675,B0CKMTYKK4,49.99
MP0675,B0CLRSG3JQ,35.99
MP0675,B0CP36MWVL,37.99
MP0675,B0CPHYYNS7,37.01
MP0675,B0CPHYYNS7,37.01
MP0675,B0CQ3R4KNS,37.99
MP0675,B0CQ3R4KNS,37.99
MP0675,B0CQ3R4KNS,37.99
MP0675,B0CQYJKWL8,34.99
MP0675,B0CSTDRCYX,36.54
MP0675,B0CWQPZSZT,49.99
MP0675,B0CX8PSD85,42.99
MP0675,B0CZ93Q4C3,31.93
MP0675,B0CH2MCBTL,44.23
MP0675,B0D2XNG9YX,27.72
MP0675,B0D63DN139,54.95
MP0675,B0D63DN139,54.95
MP0675,B0D75M2Y1T,29.99
MP0675,B0D75M2Y1T,29.99
MP0675,B0D75M2Y1T,29.99
MP0675,B0D75M2Y1T,29.99
MP0675,B0D75M2Y1T,29.99
MP0675,B0D7PY96DJ,31.99
MP0675,B0D9QG6JWH,48.99
MP0675,B0DD7NP6PP,30.94
MP0675,B0DF22MRWX,44.66
MP0675,B0DFGVMBN3,33.38
MP0675,B0DFGZP6QC,35.14
MP0675,B0DH8HQ6YN,27.72
MP0675,B0DJXSQPLB,35.99
MP0675,B0DJXSQPLB,35.99
MP0675,B0DK6W7WQ3,40.75
MP0675,B0DKS5VYZR,19.99
MP0675,B0DKXR3L4P,39.99
MP0675,B0DMVK7YX1,44.25
MP0675,B0DNT78B72,35.99
MP0675,B0DPG17CZX,110.99
MP0675,B0DQTPL668,28.99
MP0675,B0DXKX6WNS,23.66
MP0675,B0DXVBGVZ7,25.20
MP0675,B0DXVBGVZ7,25.20
MP0675,B0DYZWDPVT,33.61
MP0675,B0F21W4GTC,29.99
MP0675,B0F2837457,39.99
MP0675,B0F6JRP65T,34.99
MP0675,B0F93YJ7HQ,30.32
MP0675,B0F9KLLVP9,58.49
MP0675,B0FDQGXZ17,37.99
MP0675,B0FF4GF9JX,27.84
MP0675,B0FF4GF9JX,27.84
MP0682,B01D2FI0AG,28.04
MP0682,B07C7F67WK,49.69
MP0682,B07MTYHKZC,39.99
MP0682,B07R2LZK59,34.97
MP0682,B07ST8SSC6,38.99
MP0682,B08KFQF9J9,42.99
MP0682,B08R3QFMT6,39.99
MP0682,B08TBG83C3,49.99
MP0682,B096Z7LZWH,39.99
MP0682,B09G9F2PPJ,36.99
MP0682,B09HGQC64R,39.89
MP0682,B09L179JSX,32.29
MP0682,B0B7BD1H31,69.00
MP0682,B0BR7LK7D3,51.45
MP0682,B0BR7LK7D3,51.45
MP0682,B0C8F7LKCZ,25.95
MP0682,B0C9QGH2XQ,53.99
MP0682,B0CF8BJRP8,51.84
MP0682,B0CLYF1M8V,43.69
MP0682,B0CLYF1M8V,43.69
MP0682,B0CLYF1M8V,43.69
MP0682,B0CMCQMK38,25.64
MP0682,B0CN52JLPC,28.95
MP0682,B0CNPDHGHP,35.99
MP0682,B0CPDQ77LS,38.84
MP0682,B0CPDQ77LS,38.84
MP0682,B0CPDQ77LS,38.84
MP0682,B0CPDQ77LS,38.84
MP0682,B0CPDQ77LS,38.84
MP0682,B0CQ3R4KNS,37.99
MP0682,B0CQ3R4KNS,37.99
MP0682,B0CQ3R4KNS,37.99
MP0682,B0CQ3R4KNS,37.99
MP0682,B0CQ3R4KNS,37.99
MP0682,B0CQ3R4KNS,37.99
MP0682,B0CQ3R4KNS,37.99
MP0682,B0CRB56RZ5,32.99
MP0682,B0D1KRF9V5,36.99
MP0682,B0D2HY14TN,55.99
MP0682,B0D2K698NH,41.99
MP0682,B0D2XN9NB5,28.56
MP0682,B0D33LNGC5,38.99
MP0682,B0D41MTLSQ,23.66
MP0682,B0D62L3JWX,42.99
MP0682,B0D75M2Y1T,29.99
MP0682,B0D75M2Y1T,29.99
MP0682,B0D75M2Y1T,29.99
MP0682,B0D75M2Y1T,29.99
MP0682,B0D75M2Y1T,29.99
MP0682,B0D842MMZB,29.59
MP0682,B0D8J377Q8,45.99
MP0682,B0DD7NP6PP,30.94
MP0682,B0DD7NV6JC,35.99
MP0682,B0DD7NV6JC,35.99
MP0682,B0DD7NV6JC,35.99
MP0682,B0DD7NV6JC,35.99
MP0682,B0DD7NV6JC,35.99
MP0682,B0DD7NV6JC,35.99
MP0682,B0DD7NV6JC,35.99
MP0682,B0DD7NV6JC,35.99
MP0682,B0DD7NV6JC,35.99
MP0682,B0DD7NV6JC,35.99
MP0682,B0DJ73WZCJ,35.99
MP0682,B0DJVVZ1XK,29.99
MP0682,B0DKN1ZLGV,36.99
MP0682,B0DQ45488B,59.99
MP0682,B0DQL2V7GZ,45.99
MP0682,B0DRWBKCDL,31.99
MP0682,B0DRWBKCDL,31.99
MP0682,B0DRWBKCDL,31.99
MP0682,B0DRWBKCDL,31.99
MP0682,B0DRWBKCDL,31.99
MP0682,B0DRWBKCDL,31.99
MP0682,B0DRWBKCDL,31.99
MP0682,B0DSBVP4N7,38.99
MP0682,B0DSBXBGH4,38.99
MP0682,B0DV487492,39.99
MP0682,B0DX63FD35,29.02
MP0682,B0DX63FD35,29.02
MP0682,B0F2837457,39.99
MP0682,B0F2837457,39.99
MP0682,B0F6L85QK5,41.64
MP0682,B0F6SJRQ1Q,41.99
MP0682,B0F7PVRFYW,39.99
MP0682,B0F7PVRFYW,39.99
MP0682,B0F7QYL9YW,34.99
MP0682,B0FDQGXZ17,37.99
MP0682,B0FDQGXZ17,37.99
MP0682,B0FDQGXZ17,37.99
MP0682,B0FF4MKP9F,29.99
MP0694,B00O2X6UDM,32.99
MP0694,B079LN2N64,38.95
MP0694,B07BK26154,37.94
MP0694,B07GB3X39M,31.41
MP0694,B07HNSC571,31.49
MP0694,B07K9YGDPM,39.99
MP0694,B07L6TV6QR,42.95
MP0694,B07PV6VV5Z,50.99
MP0694,B07Q7XRF6W,35.69
MP0694,B07Q7ZC1HR,38.99
MP0694,B07QNP618D,37.59
MP0694,B07QNP618D,37.59
MP0694,B07QQMKK69,40.95
MP0694,B07R9MRCJT,39.94
MP0694,B07XC5KQ2X,36.98
MP0694,B07XXK9MVG,28.89
MP0694,B083L8GNW7,33.99
MP0694,B084ZLYTRW,27.90
MP0694,B085YFBQC3,37.99
MP0694,B0897NFQ9B,38.99
MP0694,B08B5Z4YS2,33.95
MP0694,B08CDBDMMJ,45.69
MP0694,B08CY3XWMC,37.99
MP0694,B08CY3XWMC,37.99
MP0694,B08CY3XWMC,37.99
MP0694,B08F7PFBMR,24.54
MP0694,B08FJCMWPP,21.24
MP0694,B08H1G81TS,37.99
MP0694,B08PNS5C1J,46.99
MP0694,B08T1T5TW1,35.00
MP0694,B08T1T5TW1,35.00
MP0694,B08XX9W6Q3,48.95
MP0694,B093W8WLJW,24.69
MP0694,B0946P7D6G,31.34
MP0694,B096YZZGP1,29.44
MP0694,B09728RLXH,35.14
MP0694,B099W7HT81,35.00
MP0694,B099W7HT81,35.00
MP0694,B09LCCCBSM,30.59
MP0694,B09M83HQMB,33.11
MP0694,B09N96X6N5,41.99
MP0694,B09NSH9RX4,36.49
MP0694,B09S9JQ8P9,51.38
MP0694,B09TKP7CYV,43.85
MP0694,B09TKQCCSQ,43.85
MP0694,B09YRLWW77,36.79
MP0694,B09YRLWW77,36.79
MP0694,B09YRMPT3H,31.99
MP0694,B0B1D8J13X,33.99
MP0694,B0B829NW15,129.10
MP0694,B0B9GF7138,43.74
MP0694,B0B9GF7138,43.74
MP0694,B0B9GF7138,43.74
MP0694,B0BCNQKBV6,30.24
MP0694,B0BJ91WBQ6,45.49
MP0694,B0BQL1J86D,31.49
MP0694,B0BS5FFCMW,31.99
MP0694,B0BVM6NY17,39.99
MP0694,B0BY86T5VP,34.99
MP0694,B0BZ58QGKL,25.13
MP0694,B0C4L7DNMH,42.99
MP0694,B0C4L7DNMH,42.99
MP0694,B0C5C4SRK7,44.47
MP0694,B0C6XFY61B,40.05
MP0694,B0C73QV7CZ,44.45
MP0694,B0C9MGYFHD,44.13
MP0694,B0CB3Q49SD,28.89
MP0694,B0CCJJSM2Q,43.48
MP0694,B0CCJJSM2Q,43.48
MP0694,B0CD215Y95,31.97
MP0694,B0CDKHDJMP,31.15
MP0694,B0CGCYD1DP,42.99
MP0694,B0CJ52WVMP,36.51
MP0694,B0CJ52Y83J,34.99
MP0694,B0CL9XB5V6,32.49
MP0694,B0CL9XB5V6,32.49
MP0694,B0CMHQ4G7P,39.91
MP0694,B0CP9FC5HS,33.80
MP0694,B0CPTSBKH1,30.01
MP0694,B0CQYNZZKB,38.99
MP0694,B0CSTB65DM,32.99
MP0694,B0CVWZFGL5,22.48
MP0694,B0CW1XP5Q1,22.78
MP0694,B0CW2Q44V3,33.29
MP0694,B0CW2Q44V3,33.29
MP0694,B0CZDXCKF9,64.93
MP0694,B0D17MG8WB,40.91
MP0694,B0D1TDWPPS,30.79
MP0694,B0D1TGZ52S,30.79
MP0694,B0D2KZ2BMW,36.44
MP0694,B0D69JV9PL,11.69
MP0694,B0D69V2YWW,12.59
MP0694,B0D69V2YWW,12.59
MP0694,B0D7CX9NC8,93.37
MP0694,B0D7CXW9ZV,93.37
MP0694,B0D7CYFN42,87.64
MP0694,B0D7MKS47G,59.99
MP0694,B0D927YSS7,27.99
MP0694,B0D945B8F4,35.22
MP0694,B0D99W1FGQ,33.73
MP0694,B0DBCXSC86,33.99
MP0694,B0DC6T836L,80.99
MP0694,B0DD3YHGDQ,25.20
MP0694,B0DD7JLSTF,35.19
MP0694,B0DD7JLSTF,35.19
MP0694,B0DD7LC9PG,34.99
MP0694,B0DD7LC9PG,34.99
MP0694,B0DD7LCNTQ,34.99
MP0694,B0DGT5F481,33.61
MP0694,B0DGT5F481,33.61
MP0694,B0DGT5F481,33.61
MP0694,B0DHNHKV1C,26.86
MP0694,B0DHRPJ9GD,26.99
MP0694,B0DHTVFKVL,29.99
MP0694,B0DHWTZX1Z,34.99
MP0694,B0DK14XBFF,18.99
MP0694,B0DLZDCG69,38.60
MP0694,B0DNT1LTPF,31.99
MP0694,B0DPH4NCS3,29.99
MP0694,B0DPH9H4J6,29.99
MP0694,B0DR2S6XCN,41.99
MP0694,B0DR2VNXDR,46.99
MP0694,B0DSL5KSSD,37.76
MP0694,B0DSVXBD9T,23.46
MP0694,B0DY1H1S5X,26.79
MP0694,B0DYJ46M3H,41.95
MP0694,B0F486ZLT3,32.99
MP0694,B0F486ZLT3,32.99
MP0694,B0F5PW3HPC,28.73
MP0694,B0F6N2FLZ1,28.79
MP0694,B0F8Q7Z9DF,45.99
MP0694,B0FCLM6CP8,49.96
MP0694,B0FCLP1C4J,12.57
MP0694,B0FDKFT24X,39.59
MP0694,B0FHPRKJB8,25.20
MP0694,B0FHPRLCP2,25.20
MP0696,B07MTYHKZC,39.99
MP0696,B07Q2QRSWY,26.99
MP0696,B08C2PGZ8L,42.39
MP0696,B08CD8ZVFF,78.78
MP0696,B08D9GY4LN,67.02
MP0696,B09CPM18QQ,26.99
MP0696,B09G9TVM4Q,38.99
MP0696,B09WMNMJL4,29.77
MP0696,B09WZV9K5K,41.80
MP0696,B0BSD8XNNB,23.03
MP0696,B0BZV3NV5B,39.99
MP0696,B0C7L55ZQF,59.99
MP0696,B0CCV2JQJD,37.99
MP0696,B0CGX1QDPR,25.64
MP0696,B0CLYFGJ2P,30.33
MP0696,B0CN2S37G4,29.44
MP0696,B0CQ3R4KNS,37.99
MP0696,B0CQ3R4KNS,37.99
MP0696,B0CYPKBFCW,29.99
MP0696,B0D1KRF9V5,36.99
MP0696,B0D2K7CCPM,55.99
MP0696,B0D4F71VMY,39.99
MP0696,B0D4F71VMY,39.99
MP0696,B0D4F71VMY,39.99
MP0696,B0D4F71VMY,39.99
MP0696,B0D62L3JWX,42.99
MP0696,B0D73CQTXJ,99.99
MP0696,B0D75M2Y1T,29.99
MP0696,B0D75M2Y1T,29.99
MP0696,B0D75M2Y1T,29.99
MP0696,B0D75M2Y1T,29.99
MP0696,B0D75M2Y1T,29.99
MP0696,B0D8J31JJQ,45.99
MP0696,B0DHV6TNTJ,26.46
MP0696,B0DHV6TNTJ,26.46
MP0696,B0DL56TRLP,99.99
MP0696,B0DL56TRLP,99.99
MP0696,B0DNSMY2V1,63.16
MP0696,B0DP8JY9QM,59.39
MP0696,B0DPX7W8YJ,47.67
MP0696,B0DRWBKCDL,31.99
MP0696,B0DT3PNX4G,32.99
MP0696,B0DV487492,39.99
MP0696,B0DWXH337B,35.99
MP0696,B0DY7VCPVM,28.99
MP0696,B0DYDWFFM8,39.99
MP0696,B0DZ279RDJ,39.98
MP0696,B0F37N7X54,34.32
MP0696,B0F4DB55NS,99.99
MP0696,B0F4X68QX8,30.27
MP0696,B0F53XXW18,30.99
MP0696,B0F5WT4DPM,42.99
MP0696,B0F9KLLVP9,58.49
MP0696,B0FD3HCR4X,55.99
MP0696,B0FGPYQRL9,34.99
MP0696,B0FLXYJ547,46.97
MP0702,B00YQUSERQ,155.01
MP0702,B00YQUSERQ,155.01
MP0702,B00YQUSERQ,155.01
MP0702,B08Y5DWMKW,42.99
MP0702,B09G98B1HD,38.99
MP0702,B09G9BKYZ4,38.99
MP0702,B09H5SY7LP,39.32
MP0702,B09HGQC64R,39.89
MP0702,B09HGQC64R,39.89
MP0702,B09HKNRN87,37.99
MP0702,B0BJVKYD2H,51.99
MP0702,B0BQZPZMBB,44.99
MP0702,B0BWN4JSPF,31.99
MP0702,B0BWN4JSPF,31.99
MP0702,B0BXQT9FV8,39.95
MP0702,B0BXQT9FV8,39.95
MP0702,B0BXQT9FV8,39.95
MP0702,B0BXQT9FV8,39.95
MP0702,B0BXQT9FV8,39.95
MP0702,B0BZW6FLZG,65.99
MP0702,B0BZW6FLZG,65.99
MP0702,B0BZW6FLZG,65.99
MP0702,B0BZW76PCZ,69.99
MP0702,B0BZW76PCZ,69.99
MP0702,B0BZW76PCZ,69.99
MP0702,B0C3CNMSRN,37.99
MP0702,B0CDBC15DP,30.24
MP0702,B0CDBC15DP,30.24
MP0702,B0CG1QBVYS,32.99
MP0702,B0CJRB184N,39.59
MP0702,B0CLYFGJ2P,30.33
MP0702,B0CLYFGJ2P,30.33
MP0702,B0CLYFGJ2P,30.33
MP0702,B0CQ3R4KNS,37.99
MP0702,B0CX8PSD85,42.99
MP0702,B0CX8PSD85,42.99
MP0702,B0CZ93Q4C3,31.93
MP0702,B0CZR6H86R,35.99
MP0702,B0D2K698NH,41.99
MP0702,B0D75M2Y1T,29.99
MP0702,B0D75M2Y1T,29.99
MP0702,B0D75M2Y1T,29.99
MP0702,B0D75M2Y1T,29.99
MP0702,B0D75M2Y1T,29.99
MP0702,B0DD43YZRF,43.99
MP0702,B0DD7NV6JC,35.99
MP0702,B0DDBTKZB1,50.42
MP0702,B0DJSKTMH9,36.99
MP0702,B0DJY45J24,59.99
MP0702,B0DL5J3B9Y,40.43
MP0702,B0DL5J3B9Y,40.43
MP0702,B0DM1KMRSC,25.20
MP0702,B0DMHSC6GJ,29.99
MP0702,B0DPJTQHNY,39.99
MP0702,B0DQNJPVGB,65.26
MP0702,B0DRWBKCDL,31.99
MP0702,B0DRWBKCDL,31.99
MP0702,B0DS7CS28V,37.04
MP0702,B0DY7VG1LV,26.99
MP0702,B0F2J2CD1Y,39.99
MP0702,B0F7PVRFYW,39.99
MP0702,B0F99K9Q7T,39.99
MP0702,B0F99K9Q7T,39.99
MP0702,B0F99K9Q7T,39.99
MP0702,B0F9FJSFHN,49.99
MP0702,B0FC2Q8WVV,55.99
MP0702,B0FC2Q8WVV,55.99
MP0702,B0FC2Q8WVV,55.99
MP0702,B0FC2Q8WVV,55.99
MP0702,B0FC2QQ67N,55.99
MP0702,B0FC2QQ67N,55.99
MP0702,B0FDQJ7971,29.36
MP0702,B0FDQKCT1Y,30.32
MP0702,B0FJLT19GR,37.99
MP0702,B0FNWN4856,74.95
MP0702,B0FNWN4856,74.95
MP0707,B07J6Q211R,39.99
MP0707,B07NRV39WC,53.85
MP0707,B083FFSCMT,37.99
MP0707,B088H5QGLM,42.49
MP0707,B08D8X1ZN5,39.90
MP0707,B08K3BGKXG,32.98
MP0707,B08KVPYFHC,39.94
MP0707,B08TBG3SPW,39.99
MP0707,B09DX2WC19,35.99
MP0707,B09Y5GL3HY,36.54
MP0707,B0B9BWT9SJ,36.84
MP0707,B0BBQN58LZ,33.99
MP0707,B0BD3YKQY9,64.82
MP0707,B0BJ7YT1P8,36.55
MP0707,B0C4L9TBG3,39.99
MP0707,B0CFPX4XPR,23.99
MP0707,B0CFV7SNGZ,38.13
MP0707,B0CJ8R5K6S,41.65
MP0707,B0CJ8R5K6S,41.65
MP0707,B0CJ8R5K6S,41.65
MP0707,B0CJ8R5K6S,41.65
MP0707,B0CJ8R5K6S,41.65
MP0707,B0CL298BCY,74.99
MP0707,B0CL29Z773,37.99
MP0707,B0CN9CYBJM,42.99
MP0707,B0CNXTWLZY,27.27
MP0707,B0CQ3R4KNS,37.99
MP0707,B0CQ3R4KNS,37.99
MP0707,B0CQ3R4KNS,37.99
MP0707,B0CQ3R4KNS,37.99
MP0707,B0CQ3R4KNS,37.99
MP0707,B0CQ3R4KNS,37.99
MP0707,B0CQ3R4KNS,37.99
MP0707,B0CQZCB557,47.99
MP0707,B0CW61D55C,39.88
MP0707,B0CYZ9YY97,31.92
MP0707,B0CH7SMFF5,26.99
MP0707,B0D177W5N5,32.26
MP0707,B0D2XN9NB5,28.56
MP0707,B0D61PZWRM,39.85
MP0707,B0D62L3JWX,42.99
MP0707,B0D75M2Y1T,29.99
MP0707,B0D75M2Y1T,29.99
MP0707,B0D75M2Y1T,29.99
MP0707,B0D75M2Y1T,29.99
MP0707,B0D75M2Y1T,29.99
MP0707,B0D7MD8113,42.99
MP0707,B0D8HNQ75V,55.53
MP0707,B0DD4482VJ,35.99
MP0707,B0DD7NP6PP,30.94
MP0707,B0DD7NP6PP,30.94
MP0707,B0DD7NV6JC,35.99
MP0707,B0DDBTKZB1,50.42
MP0707,B0DFLTVBV9,31.99
MP0707,B0DJM6J5SC,40.99
MP0707,B0DJXS4RV8,29.99
MP0707,B0DKN9NXM4,36.99
MP0707,B0DNT78B72,35.99
MP0707,B0DR84VSK3,45.99
MP0707,B0DRSGVPZ2,34.99
MP0707,B0DRV123J2,39.99
MP0707,B0DS25ZVFK,35.99
MP0707,B0DS25ZVFK,35.99
MP0707,B0DSCCD57M,119.99
MP0707,B0DXTQ2WCH,33.99
MP0707,B0DY7YY33C,28.80
MP0707,B0F381T76T,35.99
MP0707,B0F5Q3RY3K,34.99
MP0707,B0F7XBRHB7,42.99
MP0707,B0FDQGXZ17,37.99
MP0707,B0FDQH573F,31.08
MP0707,B0FFLZ6GP2,38.99
MP0707,B0FGHNJ1YK,25.21
MP0717,B078KN7LYS,44.99
MP0717,B078KSF92G,37.99
MP0717,B0799JXHWC,44.99
MP0717,B07V7J465W,38.99
MP0717,B08P7HYR6L,39.99
MP0717,B08ZH2T2PX,39.99
MP0717,B09G9SXDG8,129.00
MP0717,B09L179JSX,32.29
MP0717,B09PFX6KNQ,69.99
MP0717,B09SVG2VWY,53.99
MP0717,B09WMNMJL4,29.77
MP0717,B0BG29DRDN,32.99
MP0717,B0BJ72R235,39.99
MP0717,B0BMFJYMW2,33.29
MP0717,B0BS3FJG13,39.99
MP0717,B0BSS1NT61,35.99
MP0717,B0BTD54S9H,27.99
MP0717,B0BYNFCCPH,38.00
MP0717,B0C5JBFMX3,27.72
MP0717,B0C9D1HC82,39.99
MP0717,B0CBR95JDT,29.99
MP0717,B0CLRMRXC4,32.48
MP0717,B0CLYF1M8V,43.69
MP0717,B0CQZTDWX6,45.99
MP0717,B0CZ3QB3MH,25.49
MP0717,B0D1VBKWLS,113.53
MP0717,B0D2J8X2SV,77.15
MP0717,B0D2NTS6ZQ,39.99
MP0717,B0D4YJ36SF,46.99
MP0717,B0D6W3SBN7,39.99
MP0717,B0D6W3SBN7,39.99
MP0717,B0D6W3SBN7,39.99
MP0717,B0D75M2Y1T,29.99
MP0717,B0D75M2Y1T,29.99
MP0717,B0D75M2Y1T,29.99
MP0717,B0D75M2Y1T,29.99
MP0717,B0D75M2Y1T,29.99
MP0717,B0D7931PNW,39.99
MP0717,B0D7MD8113,42.99
MP0717,B0DCYQ797J,23.99
MP0717,B0DD4482VJ,35.99
MP0717,B0DGTCSNV5,29.99
MP0717,B0DGXTWN2Y,39.99
MP0717,B0DJVW2NNF,25.49
MP0717,B0DKFKNHSC,33.99
MP0717,B0DKFKNHSC,33.99
MP0717,B0DL65HDD1,36.99
MP0717,B0DPPR6Y1X,125.99
MP0717,B0DRHNJTMK,39.99
MP0717,B0DRHNJTMK,39.99
MP0717,B0DRHNJTMK,39.99
MP0717,B0DRHNJTMK,39.99
MP0717,B0DRHNJTMK,39.99
MP0717,B0DRV123J2,39.99
MP0717,B0DRV79QD8,37.99
MP0717,B0DRWBKCDL,31.99
MP0717,B0DRWBKCDL,31.99
MP0717,B0DRWBKCDL,31.99
MP0717,B0DRWBKCDL,31.99
MP0717,B0DSBXBGH4,38.99
MP0717,B0DT7FT3MD,36.99
MP0717,B0DV487492,39.99
MP0717,B0DW8ZTFW8,44.99
MP0717,B0DX1VZ3KG,41.87
MP0717,B0DXKHMZLG,27.19
MP0717,B0DXKHMZLG,27.19
MP0717,B0DY7JMZ7V,42.07
MP0717,B0DY7TKK6L,28.74
MP0717,B0DY7VCPVM,28.99
MP0717,B0DZ254M3W,35.99
MP0717,B0F2F23PP2,39.99
MP0717,B0F2J2CD1Y,39.99
MP0717,B0F2J2CD1Y,39.99
MP0717,B0F4CTNS4S,23.99
MP0717,B0F4RRZT2R,42.88
MP0717,B0F4RRZT2R,42.88
MP0717,B0F62M2PNL,45.99
MP0717,B0F9WGV18D,25.20
MP0724,B07NRV39WC,53.85
MP0724,B07NRV39WC,53.85
MP0724,B088BN69HM,32.90
MP0724,B088BN69HM,32.90
MP0724,B088BN69HM,32.90
MP0724,B088BN69HM,32.90
MP0724,B088BN69HM,32.90
MP0724,B088BN69HM,32.90
MP0724,B08934WPLZ,69.99
MP0724,B08K3BGKXG,32.98
MP0724,B08K3BGKXG,32.98
MP0724,B08KPGLKZG,84.20
MP0724,B08KPGLKZG,84.20
MP0724,B08KPGLKZG,84.20
MP0724,B08ZCV8WJK,30.57
MP0724,B0922HP85Y,26.99
MP0724,B09H5SW7ZD,35.90
MP0724,B09H5SW7ZD,35.90
MP0724,B09H5SW7ZD,35.90
MP0724,B09H5THBMM,35.90
MP0724,B09JKHDBW2,27.99
MP0724,B09SG139M3,32.39
MP0724,B09SVG2VWY,53.99
MP0724,B09VKQBHPB,55.98
MP0724,B09VKQBHPB,55.98
MP0724,B0BD81DC47,32.98
MP0724,B0BD81DC47,32.98
MP0724,B0BD85L314,32.98
MP0724,B0BDJS1C3Q,48.99
MP0724,B0BLVL3MH8,39.99
MP0724,B0BLVL3MH8,39.99
MP0724,B0BT94L923,52.99
MP0724,B0BVBG7CK9,32.83
MP0724,B0BVH64644,35.99
MP0724,B0BX21Z6Y3,39.99
MP0724,B0BZV3NV5B,39.99
MP0724,B0C4KH6S8D,30.99
MP0724,B0C619FTCL,49.99
MP0724,B0C619FTCL,49.99
MP0724,B0C6G7X2VN,44.99
MP0724,B0CB2WJVC2,49.99
MP0724,B0CCJ6DH8L,34.19
MP0724,B0CGR7QFYG,39.99
MP0724,B0CL29PL9S,37.99
MP0724,B0CM3QH3DM,40.99
MP0724,B0CNCRTWKM,36.99
MP0724,B0CQZCB557,47.99
MP0724,B0CR19Y5T9,53.24
MP0724,B0CX1H5JLK,26.02
MP0724,B0D2Q5MD5K,39.99
MP0724,B0D2XX2VW6,45.99
MP0724,B0D2XX2VW6,45.99
MP0724,B0D75M2Y1T,29.99
MP0724,B0D75M2Y1T,29.99
MP0724,B0D75M2Y1T,29.99
MP0724,B0D75M2Y1T,29.99
MP0724,B0D75M2Y1T,29.99
MP0724,B0DD6Z1D6M,45.00
MP0724,B0DD7NV6JC,35.99
MP0724,B0DD7NV6JC,35.99
MP0724,B0DD7NV6JC,35.99
MP0724,B0DD7NV6JC,35.99
MP0724,B0DD7NV6JC,35.99
MP0724,B0DD7NV6JC,35.99
MP0724,B0DD7NV6JC,35.99
MP0724,B0DDBTKZB1,50.42
MP0724,B0DDTMPRBN,34.99
MP0724,B0DFLTVBV9,31.99
MP0724,B0DFLTVBV9,31.99
MP0724,B0DK5D1DPZ,45.16
MP0724,B0DL63H53B,36.99
MP0724,B0DMVK7YX1,44.25
MP0724,B0DNS4GKSR,31.99
MP0724,B0DQ45488B,59.99
MP0724,B0DQY2GY7T,19.99
MP0724,B0DQY2GY7T,19.99
MP0724,B0DRJ4FLF6,31.99
MP0724,B0DS98DMFJ,45.30
MP0724,B0DZVRBKMF,28.32
MP0724,B0DZVRBKMF,28.32
MP0724,B0F2F23PP2,39.99
MP0724,B0F3227TS4,36.99
MP0724,B0F4RRZT2R,42.88
MP0724,B0F5GV73NP,37.99
MP0724,B0F62M2PNL,45.99
MP0724,B0F93V273K,25.00
MP0724,B0FBG1JPR9,40.11
MP0727,B01AT1YGE0,40.95
MP0727,B01AT1YGE0,40.95
MP0727,B01AT1YNGG,22.90
MP0727,B01CFVKFR4,35.60
MP0727,B01FHAZR4G,31.64
MP0727,B01H4U9WE8,48.95
MP0727,B01H4U9WZC,43.95
MP0727,B01H4U9Y6Y,46.95
MP0727,B01MFEGRZ6,35.95
MP0727,B01MFEGRZ6,35.95
MP0727,B01MFEJ0DV,33.95
MP0727,B076764F2F,29.95
MP0727,B07HNSFTB9,32.99
MP0727,B07LCZBZT2,33.99
MP0727,B07P7DXJGD,47.49
MP0727,B07P86R9YM,39.95
MP0727,B07PCLZXQR,40.95
MP0727,B07PW46NJX,45.95
MP0727,B07PW46NJX,45.95
MP0727,B07QMJYV93,29.95
MP0727,B07VC94W9J,28.89
MP0727,B07VC9568D,48.95
MP0727,B07WF45DF6,39.95
MP0727,B07Y7ZC1RR,27.19
MP0727,B082WZCXPW,48.95
MP0727,B083QXJNF9,49.95
MP0727,B089CJ2YBT,29.99
MP0727,B089CJ2YBT,29.99
MP0727,B089CL5SJT,60.95
MP0727,B089CLB9CM,45.01
MP0727,B089CNLBXS,32.99
MP0727,B089CVY8CG,28.49
MP0727,B089CXSZN6,42.95
MP0727,B08B4M526C,40.95
MP0727,B08B5ZP9XD,41.95
MP0727,B08CXBK3QP,46.95
MP0727,B08CXBK3QP,46.95
MP0727,B08CXSBPZR,36.95
MP0727,B08CXSBPZR,36.95
MP0727,B08M3FLGD8,30.95
MP0727,B08M3FLGD8,30.95
MP0727,B08M3RGVTB,33.95
MP0727,B08M3RGVTB,33.95
MP0727,B08PKHWG91,36.49
MP0727,B08RHR6FTB,48.95
MP0727,B08RHR6FTB,48.95
MP0727,B08RJKVF3Y,48.95
MP0727,B096Z281MF,28.95
MP0727,B09L5W3Q5Y,45.95
MP0727,B09LTJXBF3,36.51
MP0727,B09M832P5B,38.95
MP0727,B09M832P5B,38.95
MP0727,B09VNPVD2W,30.59
MP0727,B0BP4F2DLP,39.97
MP0727,B0BPSFT8QS,23.13
MP0727,B0BPSFT8QS,23.13
MP0727,B0BPSFT8QS,23.13
MP0727,B0BPSFT8QS,23.13
MP0727,B0BPSFT8QS,23.13
MP0727,B0BPSFT8QS,23.13
MP0727,B0BPSFT8QS,23.13
MP0727,B0BPSFT8QS,23.13
MP0727,B0BPSFT8QS,23.13
MP0727,B0BPSFT8QS,23.13
MP0727,B0BPSFT8QS,23.13
MP0727,B0BPSFT8QS,23.13
MP0727,B0BVM6GCYQ,44.69
MP0727,B0BVM6GCYQ,44.69
MP0727,B0BVM6GCYQ,44.69
MP0727,B0BWMNKVZJ,35.49
MP0727,B0BWMQXYKS,36.49
MP0727,B0BYNJ5SGV,47.95
MP0727,B0BYNN26FN,48.95
MP0727,B0BYNN26FN,48.95
MP0727,B0BYNN26FN,48.95
MP0727,B0C1MS4H4Y,34.95
MP0727,B0C27N6ZF9,30.41
MP0727,B0C9GJW65M,33.74
MP0727,B0C9GJW65M,33.74
MP0727,B0C9GJW65M,33.74
MP0727,B0C9GJW65M,33.74
MP0727,B0C9GJW65M,33.74
MP0727,B0C9GJW65M,33.74
MP0727,B0C9GJW65M,33.74
MP0727,B0C9GJW65M,33.74
MP0727,B0CF9RPT3H,24.07
MP0727,B0CL3XDLFF,47.95
MP0727,B0CL9YS641,34.49
MP0727,B0CL9YS641,34.49
MP0727,B0CL9YS641,34.49
MP0727,B0CL9YS641,34.49
MP0727,B0CL9YS641,34.49
MP0727,B0CLYHFCHF,44.18
MP0727,B0CMWZBGJK,38.95
MP0727,B0CMX3W4PQ,31.95
MP0727,B0CQ28TMZQ,37.95
MP0727,B0CQ3RR82V,40.95
MP0727,B0CQ3SJ35C,37.95
MP0727,B0CQ3VMJK9,28.86
MP0727,B0D1TDWPPS,30.79
MP0727,B0D1TGZ52S,30.79
MP0727,B0D2KZ2BMW,36.44
MP0727,B0D2KZ2BMW,36.44
MP0727,B0D2KZ2BMW,36.44
MP0727,B0D2KZ2BMW,36.44
MP0727,B0D2QWKXK9,55.49
MP0727,B0D2QWKXK9,55.49
MP0727,B0D4DS3W2S,44.96
MP0727,B0D4DS3W2S,44.96
MP0727,B0D4DS3W2S,44.96
MP0727,B0D4DZZCXB,36.51
MP0727,B0D7ZPMWWD,27.89
MP0727,B0D7ZPMWWD,27.89
MP0727,B0D7ZQQS5X,26.99
MP0727,B0D7ZQQS5X,26.99
MP0727,B0D7ZQQS5X,26.99
MP0727,B0D7ZQQS5X,26.99
MP0727,B0D7ZQQS5X,26.99
MP0727,B0D7ZQQS5X,26.99
MP0727,B0D7ZQQS5X,26.99
MP0727,B0D7ZQQS5X,26.99
MP0727,B0D7ZQQS5X,26.99
MP0727,B0D7ZQQS5X,26.99
MP0727,B0D7ZQQS5X,26.99
MP0727,B0D7ZQQS5X,26.99
MP0727,B0D7ZQQS5X,26.99
MP0727,B0D7ZQQS5X,26.99
MP0727,B0D7ZQQS5X,26.99
MP0727,B0D7ZQQS5X,26.99
MP0727,B0D927YSS7,27.99
MP0727,B0D927YSS7,27.99
MP0727,B0D92889K2,20.99
MP0727,B0DFYDQQD9,44.99
MP0727,B0DG1NRXRC,42.95
MP0727,B0DG29855J,38.95
MP0727,B0DHMWXS3K,36.99
MP0727,B0DHRPJ9GD,26.99
MP0727,B0DK14XBFF,18.99
MP0727,B0DK14XBFF,18.99
MP0727,B0DK14XBFF,18.99
MP0727,B0DKX3DKPZ,54.95
MP0727,B0DNFB33LS,41.18
MP0727,B0DNFB33LS,41.18
MP0727,B0DPB1LGFR,33.95
MP0727,B0DPWKMMJM,32.29
MP0727,B0F8HK9F1Y,37.95
MP0734,B07FP2VK8N,40.99
MP0734,B07NXWBSTS,50.19
MP0734,B086L99XYT,54.95
MP0734,B086L99XYT,54.95
MP0734,B08WWQ96WX,56.00
MP0734,B09726WTYJ,26.53
MP0734,B09HGQC64R,39.89
MP0734,B09XJW6BRX,79.99
MP0734,B0BFPP2S51,62.99
MP0734,B0BG7N31BC,39.99
MP0734,B0BHVYV456,32.99
MP0734,B0BP4F2DLP,39.97
MP0734,B0BTKFPX65,71.61
MP0734,B0BXX4YC33,34.19
MP0734,B0BY9L78V9,51.51
MP0734,B0C5LQHLK2,36.55
MP0734,B0C84SH7PH,36.99
MP0734,B0C8F7LKCZ,25.95
MP0734,B0C9D1HC82,39.99
MP0734,B0C9D1HC82,39.99
MP0734,B0CJ8MGXPH,33.59
MP0734,B0CKSZT961,29.99
MP0734,B0CLP6ZJ7L,28.99
MP0734,B0CN93XJR4,129.99
MP0734,B0CP1Z5NDW,37.51
MP0734,B0CP9658FR,36.99
MP0734,B0CW5ZQ49J,36.99
MP0734,B0CYH3VW5Q,33.99
MP0734,B0CZ44MBJF,29.99
MP0734,B0CZ44MBJF,29.99
MP0734,B0CZD6Y7VM,35.99
MP0734,B0CZD6Y7VM,35.99
MP0734,B0CHYCWXFD,49.99
MP0734,B0CHYCWXFD,49.99
MP0734,B0CHYCWXFD,49.99
MP0734,B0CHYCWXFD,49.99
MP0734,B0CHYCWXFD,49.99
MP0734,B0CHYCWXFD,49.99
MP0734,B0CHYCWXFD,49.99
MP0734,B0CHYCWXFD,49.99
MP0734,B0D1KQNG1D,36.99
MP0734,B0D2XN9NB5,28.56
MP0734,B0D53RH3Y9,59.95
MP0734,B0D53RH3Y9,59.95
MP0734,B0D5HNVQBV,45.99
MP0734,B0D75M2Y1T,29.99
MP0734,B0D75M2Y1T,29.99
MP0734,B0D75M2Y1T,29.99
MP0734,B0D75M2Y1T,29.99
MP0734,B0D75M2Y1T,29.99
MP0734,B0D8VL2XG8,25.20
MP0734,B0D9VFK3Y7,39.90
MP0734,B0DD7NV6JC,35.99
MP0734,B0DDBX55H5,52.27
MP0734,B0DJS6BM4Z,47.98
MP0734,B0DJS6BM4Z,47.98
MP0734,B0DJS6BM4Z,47.98
MP0734,B0DMVK7YX1,44.25
MP0734,B0DNMSTQKV,42.37
MP0734,B0DNMSTQKV,42.37
MP0734,B0DPKK9PYX,99.99
MP0734,B0DQLMCFRG,30.24
MP0734,B0DQLMCFRG,30.24
MP0734,B0DQV31LXV,94.99
MP0734,B0DR84VSK3,45.99
MP0734,B0DR89NB6F,45.99
MP0734,B0DRHNJTMK,39.99
MP0734,B0DRHNJTMK,39.99
MP0734,B0DRHNJTMK,39.99
MP0734,B0DRV995TK,46.98
MP0734,B0DRWDZQHV,31.99
MP0734,B0DRWDZQHV,31.99
MP0734,B0DRWDZQHV,31.99
MP0734,B0DRWDZQHV,31.99
MP0734,B0DSLBRGLG,48.28
MP0734,B0DVLMQZTT,45.99
MP0734,B0DXTQ2WCH,33.99
MP0734,B0DY7J76WX,33.27
MP0734,B0F1N7FBP6,36.99
MP0734,B0F32HPZPV,31.42
MP0734,B0F543FS8C,34.99
MP0734,B0F6SJRQ1Q,41.99
MP0734,B0F7PVRFYW,39.99
MP0734,B0F8MX4K35,38.99
MP0734,B0F9FMC3T4,38.99
MP0734,B0F9Y7QMDG,35.14
MP0739,B0196K0WLQ,44.99
MP0739,B07R2LZK59,34.97
MP0739,B08Y5DWMKW,42.99
MP0739,B08Y5DWMKW,42.99
MP0739,B08Y5DWMKW,42.99
MP0739,B08Y5DWMKW,42.99
MP0739,B08Y5DWMKW,42.99
MP0739,B08Y5DWMKW,42.99
MP0739,B096YBJ2NM,26.99
MP0739,B09G98B1HD,38.99
MP0739,B09G98B1HD,38.99
MP0739,B09G98B1HD,38.99
MP0739,B09G9BKYZ4,38.99
MP0739,B09G9BKYZ4,38.99
MP0739,B09G9BKYZ4,38.99
MP0739,B09G9BKYZ4,38.99
MP0739,B09G9F2PPJ,36.99
MP0739,B09G9F2PPJ,36.99
MP0739,B09G9F2PPJ,36.99
MP0739,B09G9TVM4Q,38.99
MP0739,B09G9TVM4Q,38.99
MP0739,B09G9TVM4Q,38.99
MP0739,B09G9TVM4Q,38.99
MP0739,B09G9TVM4Q,38.99
MP0739,B09VKNLQ5Q,39.99
MP0739,B09XWGSKBL,71.99
MP0739,B09YV1TJMB,45.99
MP0739,B09YV1TJMB,45.99
MP0739,B0B8RKJRKY,28.79
MP0739,B0BFHYYJ96,75.99
MP0739,B0BJ72R235,39.99
MP0739,B0BNLPVJY9,39.99
MP0739,B0BNLPVJY9,39.99
MP0739,B0CBXBDZL8,37.04
MP0739,B0CRXL1TS1,23.99
MP0739,B0CZ8QJXB8,29.99
MP0739,B0CZ8QJXB8,29.99
MP0739,B0D5HNVQBV,45.99
MP0739,B0D62L3JWX,42.99
MP0739,B0D62L3JWX,42.99
MP0739,B0D62L3JWX,42.99
MP0739,B0D62L3JWX,42.99
MP0739,B0D62L3JWX,42.99
MP0739,B0D6YXVQ9M,37.99
MP0739,B0D75M2Y1T,29.99
MP0739,B0D75M2Y1T,29.99
MP0739,B0D75M2Y1T,29.99
MP0739,B0D75M2Y1T,29.99
MP0739,B0D75M2Y1T,29.99
MP0739,B0DSBTNHWM,38.99
MP0739,B0DSBTNHWM,38.99
MP0739,B0DSBTNHWM,38.99
MP0739,B0DSBTNHWM,38.99
MP0739,B0DSBTNHWM,38.99
MP0739,B0DSBX34D7,35.99
MP0739,B0DSBX34D7,35.99
MP0739,B0DSBX34D7,35.99
MP0739,B0F3HXRJ3M,109.99
MP0740,B07SD3ZM1F,37.99
MP0740,B094Q67Z23,39.99
MP0740,B094Q67Z23,39.99
MP0740,B09F9NPMG4,37.99
MP0740,B09P1CCT4L,39.99
MP0740,B09P1DXPVR,25.31
MP0740,B09P1DXPVR,25.31
MP0740,B0BFVP3613,44.99
MP0740,B0BKK3ZLJX,56.94
MP0740,B0BKK3ZLJX,56.94
MP0740,B0BNLPVJY9,39.99
MP0740,B0BP4F2DLP,39.97
MP0740,B0C48TX2R1,30.28
MP0740,B0CBX6KN39,51.47
MP0740,B0CBX6KN39,51.47
MP0740,B0CJ8R5K6S,41.65
MP0740,B0CJ8R5K6S,41.65
MP0740,B0CNT8Y69F,34.99
MP0740,B0CQ3R4KNS,37.99
MP0740,B0CQ3R4KNS,37.99
MP0740,B0CQ3R4KNS,37.99
MP0740,B0CQ3R4KNS,37.99
MP0740,B0CQ3R4KNS,37.99
MP0740,B0CR19Y5T9,53.24
MP0740,B0CZ3WNCGJ,27.99
MP0740,B0CZ3WNCGJ,27.99
MP0740,B0CH7RNF44,36.99
MP0740,B0D12L9BQW,30.99
MP0740,B0D17LM3HC,43.99
MP0740,B0D2KLYSK3,89.77
MP0740,B0D4F71VMY,39.99
MP0740,B0D5HM3DXZ,25.20
MP0740,B0D75M2Y1T,29.99
MP0740,B0D75M2Y1T,29.99
MP0740,B0D75M2Y1T,29.99
MP0740,B0D75M2Y1T,29.99
MP0740,B0D75M2Y1T,29.99
MP0740,B0D7HBKXBW,29.99
MP0740,B0D7L1NTYR,38.45
MP0740,B0D8HNZBBS,27.89
MP0740,B0D99GZKKD,94.99
MP0740,B0DBZ556DN,43.90
MP0740,B0DC9LQCZH,117.99
MP0740,B0DCBM9189,129.00
MP0740,B0DF7SCB7P,40.99
MP0740,B0DF7SCB7P,40.99
MP0740,B0DF7SCB7P,40.99
MP0740,B0DF7SCB7P,40.99
MP0740,B0DF7SCB7P,40.99
MP0740,B0DF7SCB7P,40.99
MP0740,B0DFYGQ5N2,50.18
MP0740,B0DJM5JR15,36.99
MP0740,B0DJM5MNTZ,47.99
MP0740,B0DJSTKYKP,29.40
MP0740,B0DJSVR25L,48.93
MP0740,B0DJSX2TQJ,29.40
MP0740,B0DL65HDD1,36.99
MP0740,B0DPJTTBNW,39.99
MP0740,B0DPKK9PYX,99.99
MP0740,B0DPW6LHD1,33.60
MP0740,B0DRKF3571,32.40
MP0740,B0DRY76TZX,33.58
MP0740,B0DRY76TZX,33.58
MP0740,B0DRY76TZX,33.58
MP0740,B0DZ655N82,35.99
MP0740,B0DZ655N82,35.99
MP0740,B0DZ655N82,35.99
MP0740,B0F192L1MP,57.99
MP0740,B0F1F81GJD,45.99
MP0740,B0F246ZQKF,34.99
MP0740,B0F32DS6FQ,30.24
MP0740,B0F3CXL4P9,35.99
MP0740,B0F7LBZ4CX,66.49
MP0740,B0F8BSRTZR,43.99
MP0740,B0FCY9B1NF,33.77
MP0740,B0FDB9DCSZ,25.20
MP0753,B078KNHJL4,39.99
MP0753,B07NXWBSTS,50.19
MP0753,B07PM68J1Z,39.97
MP0753,B07PM68J1Z,39.97
MP0753,B07PM68J1Z,39.97
MP0753,B07PM68J1Z,39.97
MP0753,B07PM68J1Z,39.97
MP0753,B07PM68J1Z,39.97
MP0753,B07PM68J1Z,39.97
MP0753,B07PM68J1Z,39.97
MP0753,B07PM68J1Z,39.97
MP0753,B07PM68J1Z,39.97
MP0753,B07PM68J1Z,39.97
MP0753,B083BKTSR9,35.99
MP0753,B08KZT2Y51,30.03
MP0753,B095CFB1SD,39.97
MP0753,B095CFB1SD,39.97
MP0753,B09FF3ZXW4,32.99
MP0753,B09R1Z2TX7,39.99
MP0753,B09R984XMW,41.99
MP0753,B09Y8L739S,41.79
MP0753,B0B2JMV4D8,40.99
MP0753,B0BLVL3MH8,39.99
MP0753,B0BNLPVJY9,39.99
MP0753,B0BSGRC9GQ,46.98
MP0753,B0BZHMVKGX,32.29
MP0753,B0C1J8BFRJ,65.32
MP0753,B0C93D8STB,50.99
MP0753,B0C9QCW51B,39.99
MP0753,B0CBR95JDT,29.99
MP0753,B0CBR95JDT,29.99
MP0753,B0CG9JK26F,29.99
MP0753,B0CLP6ZJ7L,28.99
MP0753,B0CLPGF1XL,59.99
MP0753,B0CN3B2V2F,33.83
MP0753,B0CP1QYC3P,27.99
MP0753,B0CQ3R4KNS,37.99
MP0753,B0CXXFTG92,55.99
MP0753,B0CH7RNF44,36.99
MP0753,B0D1K6VDN8,42.99
MP0753,B0D1KRF9V5,36.99
MP0753,B0D1KRF9V5,36.99
MP0753,B0D33LNGC5,38.99
MP0753,B0D33LNGC5,38.99
MP0753,B0D4647VGD,29.22
MP0753,B0D4YJ36SF,46.99
MP0753,B0D4YQYBBK,26.99
MP0753,B0D61PZWRM,39.85
MP0753,B0D62L3JWX,42.99
MP0753,B0D75M2Y1T,29.99
MP0753,B0D75M2Y1T,29.99
MP0753,B0D75M2Y1T,29.99
MP0753,B0D75M2Y1T,29.99
MP0753,B0D75M2Y1T,29.99
MP0753,B0D7L1NTYR,38.45
MP0753,B0D841BW19,31.67
MP0753,B0D9QG1N86,40.99
MP0753,B0D9QG1N86,40.99
MP0753,B0D9Y6RQT4,32.99
MP0753,B0DD7NV6JC,35.99
MP0753,B0DHZR8Y3M,29.99
MP0753,B0DJS6BM4Z,47.98
MP0753,B0DJS6BM4Z,47.98
MP0753,B0DJS6BM4Z,47.98
MP0753,B0DJS6BM4Z,47.98
MP0753,B0DMDQRTBV,31.99
MP0753,B0DMP6X4TC,49.99
MP0753,B0DMV9RR1Q,29.99
MP0753,B0DRY76TZX,33.58
MP0753,B0DRY76TZX,33.58
MP0753,B0DVLNH6XH,45.99
MP0753,B0DY7VCPVM,28.99
MP0753,B0DY7WL3T4,65.99
MP0753,B0DY7YY33C,28.80
MP0753,B0DYDWY4DC,98.12
MP0753,B0DZ1QXRQY,33.61
MP0753,B0DZ1QXRQY,33.61
MP0753,B0DZ1QXRQY,33.61
MP0753,B0DZ1QXRQY,33.61
MP0753,B0DZ1QXRQY,33.61
MP0753,B0DZ279RDJ,39.98
MP0753,B0F4D4DY5H,29.99
MP0753,B0F6KD7SJ6,46.89
MP0753,B0F946HYL4,35.99
MP0753,B0F948SCPM,35.99
MP0753,B0F948SCPM,35.99
MP0753,B0F98WGZQ2,48.28
MP0753,B0FHHCVZHV,30.24
MP0759,B07JQG9KYS,40.69
MP0759,B07NRV39WC,53.85
MP0759,B07PKLNK8T,32.89
MP0759,B07SD3ZM1F,37.99
MP0759,B07SD3ZM1F,37.99
MP0759,B07STBR2JS,32.99
MP0759,B086TYCT2T,29.99
MP0759,B08NDWLG88,42.99
MP0759,B09725QZ2H,45.28
MP0759,B09DX1BDZB,29.99
MP0759,B09DX2WC19,35.99
MP0759,B09H6RHNB6,55.99
MP0759,B09R1Z2TX7,39.99
MP0759,B0B1CC6B2J,32.99
MP0759,B0B2JMV4D8,40.99
MP0759,B0BG2D52FG,29.99
MP0759,B0BJ6ZJLW1,37.98
MP0759,B0BJB8FK9X,40.39
MP0759,B0BKK3ZLJX,56.94
MP0759,B0BKTBM4JK,36.99
MP0759,B0BLBMMQZR,45.99
MP0759,B0BP4F2DLP,39.97
MP0759,B0BQXR2M39,29.89
MP0759,B0BTKFPX65,71.61
MP0759,B0BZHMVKGX,32.29
MP0759,B0C27C5BMD,37.92
MP0759,B0C2CNNRH8,49.99
MP0759,B0C6JVYKGV,52.72
MP0759,B0CGXFZFJH,42.99
MP0759,B0CJ8MGXPH,33.59
MP0759,B0CJ8YXJ7X,35.99
MP0759,B0CLYF1M8V,43.69
MP0759,B0CLYF1M8V,43.69
MP0759,B0CLYFGJ2P,30.33
MP0759,B0CN2BYTC5,23.99
MP0759,B0CQ4CG9PL,20.41
MP0759,B0CQXQTHHY,45.99
MP0759,B0CQXQTHHY,45.99
MP0759,B0CR4DNBL6,28.59
MP0759,B0CRHGYCL8,69.99
MP0759,B0CX1H5JLK,26.02
MP0759,B0CX5CGSVG,45.74
MP0759,B0CX8PSD85,42.99
MP0759,B0D1G44ZQH,27.00
MP0759,B0D75M2Y1T,29.99
MP0759,B0D75M2Y1T,29.99
MP0759,B0D75M2Y1T,29.99
MP0759,B0D75M2Y1T,29.99
MP0759,B0D75M2Y1T,29.99
MP0759,B0D9GN53F6,33.99
MP0759,B0DD43YZRF,43.99
MP0759,B0DD6Z1D6M,45.00
MP0759,B0DD6Z1D6M,45.00
MP0759,B0DD6Z1D6M,45.00
MP0759,B0DD6Z1D6M,45.00
MP0759,B0DD74LVY4,32.00
MP0759,B0DD754V9H,32.00
MP0759,B0DD7NP6PP,30.94
MP0759,B0DD7NV6JC,35.99
MP0759,B0DD7NV6JC,35.99
MP0759,B0DD7NV6JC,35.99
MP0759,B0DD7NV6JC,35.99
MP0759,B0DD7NV6JC,35.99
MP0759,B0DD7NV6JC,35.99
MP0759,B0DF7SCB7P,40.99
MP0759,B0DF7SCB7P,40.99
MP0759,B0DHKQ33FW,37.99
MP0759,B0DJM9XYYW,35.99
MP0759,B0DJMB2W9D,59.99
MP0759,B0DJMB2W9D,59.99
MP0759,B0DJS6BM4Z,47.98
MP0759,B0DJS6BM4Z,47.98
MP0759,B0DJS6BM4Z,47.98
MP0759,B0DJS6BM4Z,47.98
MP0759,B0DJS6BM4Z,47.98
MP0759,B0DJS6BM4Z,47.98
MP0759,B0DJS773T2,69.98
MP0759,B0DJS773T2,69.98
MP0759,B0DJS773T2,69.98
MP0759,B0DJS773T2,69.98
MP0759,B0DJS773T2,69.98
MP0759,B0DJZHRXN6,32.99
MP0759,B0DKFKNHSC,33.99
MP0759,B0DKFLQVM1,36.99
MP0759,B0DMW1VSZ8,31.08
MP0759,B0DNYM8KYH,19.99
MP0759,B0DQY2GY7T,19.99
MP0759,B0DR2D3RWQ,39.99
MP0759,B0DR2HZM3H,44.99
MP0759,B0DRYVCRM3,36.95
MP0759,B0DV487492,39.99
MP0759,B0DY7LPVC3,42.07
MP0759,B0F12NL8YK,59.99
MP0759,B0F32G5C7X,39.99
MP0759,B0F93YJ7HQ,30.32
MP0759,B0FCS7RRNQ,50.16
MP0759,B0FGQFY4X9,39.91
MP0810,B08YJ9X9KG,44.98
MP0810,B08YJ9X9KG,44.98
MP0810,B08YJ9X9KG,44.98
MP0810,B08YJ9X9KG,44.98
MP0810,B08YJ9X9KG,44.98
MP0810,B08YJD17B5,44.98
MP0810,B08YJD17B5,44.98
MP0810,B08YJD17B5,44.98
MP0810,B08YJD17B5,44.98
MP0810,B08YJD17B5,44.98
MP0810,B08YJD17B5,44.98
MP0810,B08YJD17B5,44.98
MP0810,B08YJD17B5,44.98
MP0810,B08YJD17B5,44.98
MP0810,B08YJD17B5,44.98
MP0810,B08YJD17B5,44.98
MP0810,B08YJD17B5,44.98
MP0810,B08YJD17B5,44.98
MP0810,B08YJD17B5,44.98
MP0810,B08YJD17B5,44.98
MP0810,B08YJD17B5,44.98
MP0810,B08YJD17B5,44.98
MP0810,B08YJD17B5,44.98
MP0810,B08YJD17B5,44.98
MP0810,B08YJD17B5,44.98
MP0810,B08YJD17B5,44.98
MP0810,B08YJD17B5,44.98
MP0810,B08YJD17B5,44.98
MP0810,B08YJD17B5,44.98
MP0810,B08YJD17B5,44.98
MP0810,B08YJD17B5,44.98
MP0810,B08YJD17B5,44.98
MP0810,B08YJD17B5,44.98
MP0810,B08YJD17B5,44.98
MP0810,B08YJD17B5,44.98
MP0810,B08YJD17B5,44.98
MP0810,B08YJTR2TS,44.98
MP0810,B08YJTR2TS,44.98
MP0810,B08YJTR2TS,44.98
MP0810,B08YJTR2TS,44.98
MP0810,B08YJTR2TS,44.98
MP0810,B08YKDKP1Z,44.98
MP0810,B08YKDKP1Z,44.98
MP0810,B08YKDKP1Z,44.98
MP0810,B08YKDKP1Z,44.98
MP0810,B08YKDKP1Z,44.98
MP0810,B08YKDKP1Z,44.98
MP0810,B08YKDKP1Z,44.98
MP0810,B08YKDKP1Z,44.98
MP0810,B08YKDKP1Z,44.98
MP0810,B08YKDKP1Z,44.98
MP0810,B08YKDKP1Z,44.98
MP0810,B08YKDKP1Z,44.98
MP0810,B08YKDKP1Z,44.98
MP0810,B08YKDKP1Z,44.98
MP0810,B08YKDKP1Z,44.98
MP0810,B08YKDKP1Z,44.98
