asin,code
B0D9MFMBBQ,1039805
B0D48TS4V5,1015737
B07ST8SSC6,1045498
B078BN85MR,1039616
B0CW9G5V5M,1047433
B0BHNY4PJW,1037085
B0BG5HR986,1037079
B0D9Q34MVH,1054757
B0D6RK9VJ7,1026493
B0F21LSCVN,1043505
B0DHGHY93J,1020670
B09DYJP2BT,57191
B0DCZL65JG,1045625
B09MSH47BG,1054806
B0716SC8DS,1025561
B0BGKFM69Q,1062467
B0BGKFM69Q,1062468
B0BR5NKJQF,1063618
B0DM4QX28V,1047782
B07DXRNYNX,1038507
B0D6KBBKW2,1019982
B0DLNQM1RL,1062186
B0B3XJZGDC,1058784
B09SHLDN88,1014892
B0B1H4L3JF,1030696
B09FLQJPC1,56691
B0CDGRTLSK,1039747
B0BX3QPZ3S,1043512
B09G9BKYZ4,1039934
B0F1TS4KL4,1034027
B0CF86XN9B,1037160
B088HB34B8,102066
B0CJBTMQ8C,1022976
B0DRFFP4T8,1015066
B013UNJU8G,1058547
B07BFSKPDB,1062523
B0BW3XS9KZ,88154
B0DZHGJ1RB,1040243
B081GGQ2QF,1062525
B07JM6KB5J,111833
B09KGYFJ9C,1062288
B0BLSCQ2JJ,1039920
B0B7HXPQ9Y,1019738
B09DVVZHCP,45599
B0DCZKLN1V,1053312
B0D2R2HHXV,1033920
B0B9SPFTMD,1025943
B0DMT3JGPK,1033536
B07Y3SZZLK,86344
B09KC1XKTH,1009762
B086W8FYDL,1039748
B0CYPJWMDT,1039856
B0BX4GWJZT,1008916
B0D7PW1C51,1062436
B0D9MFZSVY,103978
B0BLH6QKBP,1033924
B0CW9GPC2G,1025839
B0DJX9X2HS,1038452
B0DHRZS6HT,1045671
B0D1G5H6HJ,1033574
B08JVDL1YJ,1054829
B07ZHF2BPB,1038518
B0C46TV98W,1058640
B074T41X9F,63404
B0C4F38SP7,116645
B0DBVFDCSX,1056411
B0BBQTXKVM,1039719
B0D3LV2B93,1016512
B086Y8TC8N,1037219
B0CKP18DVG,1051472
B0716SC8DS,1025559
B0CKP18DVG,1054562
B0D78ZHKW4,1037166
B0BKF7M3GH,151284
B0CD713Q21,1050052
B0BZVRGNS2,1013004
B0DFGR3YJ8,1038377
B0F8HYSZ8V,1026370
B0B5NBSXKR,1008869
B0FH6H97Z1,1050222