item,asin,precio,tienda,ok_online
1068605,B09JW2FQQQ,11.95,1,1
1068600,B0F43SVNYR,11.95,1,1
1068601,B0F43SVNYR,11.95,1,1
1068608,B0CL2LRLZZ,32.95,1,1
1068628,B0FD39G92L,8.95,1,1
1068627,B0FD39G92L,8.95,1,1
1068629,B0FD39G92L,8.95,1,1
1068622,B0FD39G92L,8.95,1,1
1068621,B0FD39G92L,8.95,1,1
1068611,B0FJ8CY9TN,12.95,1,1
1068610,B0FJ8CY9TN,12.95,1,1
1068609,B0FJ8CY9TN,12.95,1,1
1068634,B0DK6HGT2M,42.95,1,1
1068635,B0DKNDTKVC,8.95,1,1
1068636,B0DKNDTKVC,8.95,1,1
1068647,B0DZ2L25JG,9.95,1,1
1068646,B0DZ2L25JG,9.95,1,1
1068645,B0DZ2L25JG,9.95,1,1
1068649,B0CLJ7DSRL,27.95,1,1
1068650,B0CLJ7DSRL,27.95,1,1
1068651,B0CLJ7DSRL,27.95,1,1
1068806,B0BVWLQ6VQ,24.95,1,1
1068803,B08Q3S3ZF3,24.95,1,1
1068802,B0F7RCVNG7,39.95,1,1
1068818,B0CC2B3H97,24.95,1,1
1068817,B0CC2B3H97,24.95,1,1
1068822,B0DG27PSDF,17.95,1,1
1068813,B0FH7D8S7Z,9.95,1,1
1068811,B0FRDKLKMT,22.95,1,1
1068808,B0DSB75K8N,22.95,1,1
1068807,B0FBGL8C7L,29.95,1,1
1068821,B0D2T1VH1K,58.95,1,1
1068846,B0CYT98G87,4.95,1,1
1068847,B0CYT98G87,4.95,1,1
1068848,B0CYT98G87,4.95,1,1
1068849,B0CYT98G87,4.95,1,1
1068850,B0CYT98G87,4.95,1,1
1068851,B0CYT98G87,4.95,1,1
1068852,B0CYT98G87,4.95,1,1
1068853,B0CYT98G87,4.95,1,1
1068854,B0CYT98G87,4.95,1,1
1068855,B0CYT98G87,4.95,1,1
1068856,B0CYT98G87,4.95,1,1
1068857,B0CYT98G87,4.95,1,1
1068858,B0CYT98G87,4.95,1,1
1068859,B0CYT98G87,4.95,1,1
1068860,B0CYT98G87,4.95,1,1
1068861,B0CYT98G87,4.95,1,1
1068862,B0CYT98G87,4.95,1,1
1068863,B0CYT98G87,4.95,1,1
1068864,B0CYT98G87,4.95,1,1
1068865,B0CYT98G87,4.95,1,1
1068891,B0CYT98G87,4.95,1,1
1068892,B0CYT98G87,4.95,1,1
1068893,B0CYT98G87,4.95,1,1
1068894,B0CYT98G87,4.95,1,1
1068895,B0CYT98G87,4.95,1,1
1068896,B0CYT98G87,4.95,1,1
1068897,B0CYT98G87,4.95,1,1
1068898,B0CYT98G87,4.95,1,1
1068899,B0CYT98G87,4.95,1,1
1068900,B0CYT98G87,4.95,1,1
1068901,B0CYT98G87,4.95,1,1
1068902,B0CYT98G87,4.95,1,1
1068903,B0CYT98G87,4.95,1,1
1068904,B0CYT98G87,4.95,1,1
1068905,B0CYT98G87,4.95,1,1
1068914,B0CSNNLJ5L,34.95,1,1
1068917,B000VGXK9G,19.95,1,1
1068916,B000VGXK9G,19.95,1,1
1068909,B0CC2B3H97,24.95,1,1
1069221,B0BRZZZPFH,9.95,1,1
1069222,B0C1J3L5XL,11.95,1,1
1069223,B0CHFBLGWB,16.95,1,1
1069224,B0D5PKV23F,16.95,1,1
1069225,B0D3T7HN9F,11.95,1,1
1068517,B0B7RR15D8,6.95,1,1
1068553,B079GM9G5G,7.95,1,1
1068516,B0BS3GLTBK,8.95,1,1
1068570,B096R73BYK,10.95,1,1
1068919,B0DXF5S9SR,9.95,1,1
1068918,B09W94ST4W,9.95,1,1
1068580,B09W5M3QDM,9.95,1,1
1068579,B09W5BL8XS,9.95,1,1
1068578,B09SB3CWYY,9.95,1,1
1068577,B09MJRVZ26,9.95,1,1
1068576,B09MHZ2L9C,9.95,1,1
1068575,B09MHWWFQ5,9.95,1,1
1068551,B09W5BL8XS,9.95,1,1
1068550,B09MHYKKYH,9.95,1,1
1068569,B0C6XG86SD,9.95,1,1
1068568,B0C6XG86SD,9.95,1,1
1068566,B0C9BZJTXD,9.95,1,1
1068567,B0C9C9ZVHR,9.95,1,1
1068561,B0D1XG27SS,9.95,1,1
1068556,B094HXXBZ2,9.95,1,1
1068549,B0796NDPH8,9.95,1,1
1068548,B0CDFXN8FN,9.95,1,1
1068547,B0D9LBQV8W,9.95,1,1
1068546,B00LDXI4H4,9.95,1,1
1068530,B0DP52NPLR,9.95,1,1
1068529,B0DNMXVR4G,9.95,1,1
1068531,B0DP7H5RT1,9.95,1,1
1068532,B0DP7H5RT1,9.95,1,1
1068542,B0DKTNRKMX,9.95,1,1
1068533,B0DP7GTD5G,9.95,1,1
1068534,B0DP7GTD5G,9.95,1,1
1068522,B0DH8C61VH,9.95,1,1
1068523,B0DK54R7Q6,9.95,1,1
1068512,B0DM99MSF1,9.95,1,1
1068539,B0DJ1F9JSB,9.95,1,1
1068540,B0DJ1F9JSB,9.95,1,1
1068541,B0DJ1GSQ46,9.95,1,1
1068520,B0DKTN768X,9.95,1,1
1068515,B0DPJ2125G,9.95,1,1
1068543,B0DJ1FMHVW,9.95,1,1
1068544,B0DK54XPQ7,9.95,1,1
1068513,B0DN1SD7DL,9.95,1,1
1068555,B0DN1VL1NM,9.95,1,1
1068521,B0DKTN5767,9.95,1,1
1068519,B0D9HFDFWF,9.95,1,1
1068514,B0DNMT86B5,9.95,1,1
1068571,B0BRZVJFGH,11.95,1,1
1068564,B0D4HTQ4N2,11.95,1,1
1068562,B0C9MG4MCX,11.95,1,1
1068563,B0C9MG4MCX,11.95,1,1
1068527,B0C9MG4MCX,11.95,1,1
1068524,B0DM993LTY,11.95,1,1
1068525,B0DJ8T6QXL,11.95,1,1
1068526,B0C9MH5S42,11.95,1,1
1068518,B095H52WNM,11.95,1,1
1068565,B0CBX4NP7X,28.95,1,1
1068477,B0F2F78LP7,9.95,1,1
1068472,B0BKRRPJHW,9.95,1,1
1068462,B0D7ZSZ1M5,9.95,1,1
1068460,B0C611X2NT,9.95,1,1
1068461,B0D7ZRSG6R,9.95,1,1
1068455,B0B418PP4B,9.95,1,1
1068454,B0B6R11SC5,9.95,1,1
1068449,B0BP76NMXJ,9.95,1,1
1068448,B0BP79DYK4,9.95,1,1
1068445,B0BP79DYK4,9.95,1,1
1068444,B0BP79DYK4,9.95,1,1
1068443,B0BP79DYK4,9.95,1,1
1068450,B0BP773X3B,9.95,1,1
1068451,B0BP79HT77,9.95,1,1
1068441,B0D96476FN,9.95,1,1
1068442,B0D96476FN,9.95,1,1
1068438,B07X2RQDV2,9.95,1,1
1068482,B0CZNVYCG9,9.95,1,1
1068483,B0CZNVYCG9,9.95,1,1
1068467,B0CZNVYCG9,9.95,1,1
1068468,B0CZNVYCG9,9.95,1,1
1068419,B0CZNVYCG9,9.95,1,1
1068350,B0CZNVYCG9,9.95,1,1
1068427,B0CZNVYCG9,9.95,1,1
1068426,B0CZNVYCG9,9.95,1,1
1068425,B0CZNVYCG9,9.95,1,1
1068535,B0CZNVYCG9,9.95,1,1
1068536,B0CZNVYCG9,9.95,1,1
1068537,B0CZNVYCG9,9.95,1,1
1068574,B0CZNSN9SN,9.95,1,1
1068573,B0CZNSN9SN,9.95,1,1
1068572,B0CZNSN9SN,9.95,1,1
1068481,B0CZNSN9SN,9.95,1,1
1068466,B0CZNSN9SN,9.95,1,1
1068424,B0CZNSN9SN,9.95,1,1
1068417,B0CZNSN9SN,9.95,1,1
1068418,B0CZNSN9SN,9.95,1,1
1068538,B0CZNRKFYT,9.95,1,1
1068479,B0CZNRKFYT,9.95,1,1
1068480,B0CZNRKFYT,9.95,1,1
1068464,B0CZNRKFYT,9.95,1,1
1068465,B0CZNRKFYT,9.95,1,1
1068416,B0CZNRKFYT,9.95,1,1
1068415,B0CZNRKFYT,9.95,1,1
1068414,B0CZNRKFYT,9.95,1,1
1068391,B0CDFY2NRN,9.95,1,1
1068428,B0CDFXNGSG,9.95,1,1
1068392,B0D1KL8YZN,9.95,1,1
1068390,B0CDFWXBSL,9.95,1,1
1068389,B0CCKLBVX5,9.95,1,1
1068388,B0CCKK346H,9.95,1,1
1068387,B0CCKJTJXT,9.95,1,1
1068386,B0CCJ7YJL4,9.95,1,1
1068385,B0CCJ7YJL4,9.95,1,1
1068494,B0BWX95JM3,9.95,1,1
1068495,B0BWX95JM3,9.95,1,1
1068496,B0BWX95JM3,9.95,1,1
1068484,B0BWX95JM3,9.95,1,1
1068357,B0BWX95JM3,9.95,1,1
1068469,B0BWX95JM3,9.95,1,1
1068459,B0BWX95JM3,9.95,1,1
1068458,B0BWX95JM3,9.95,1,1
1068457,B0BWX95JM3,9.95,1,1
1068379,B0CWR8BM4P,9.95,1,1
1068378,B0CR15MMTV,9.95,1,1
1068377,B0C999S9MK,9.95,1,1
1068376,B0C6X31PHW,9.95,1,1
1068375,B0C6WW54TF,9.95,1,1
1068374,B0BYMPS7BH,9.95,1,1
1068367,B0CCVLK27H,9.95,1,1
1068364,B08S3P8MBQ,10.95,1,1
1068363,B08S3TR336,10.95,1,1
1068463,B0DMP3QSDY,11.95,1,1
1068400,B08PPGFKL7,11.95,1,1
1068401,B08PPGFKL7,11.95,1,1
1068402,B08PPGFKL7,11.95,1,1
1068399,B08PPGFKL7,11.95,1,1
1068398,B08PPGFKL7,11.95,1,1
1068397,B08PPGFKL7,11.95,1,1
1068380,B0DG58KDWV,13.95,1,1
1068324,B07G412W5Y,6.95,1,1
1068334,B0DQT7GHDM,6.95,1,1
1067296,B0CS6YG3KY,7.95,1,1
1067287,B0DN9X7CPX,7.95,1,1
1068326,B07ZH2TZ35,7.95,1,1
1068310,B0D9878RR1,7.95,1,1
1068312,B07X82QQCC,7.95,1,1
1068366,B0CGZPXFP8,9.95,1,1
1068354,B0CGZPXFP8,9.95,1,1
1068554,B0CGZPXLZ5,9.95,1,1
1068348,B09MVMN181,9.95,1,1
1068344,B01D3VZY58,9.95,1,1
1068335,B096VR2KF9,9.95,1,1
1068336,B08TW7QPNZ,9.95,1,1
1068333,B09MVN25SS,9.95,1,1
1068313,B0DKXVLT26,9.95,1,1
1068309,B0DKXZ5LWS,9.95,1,1
1068307,B09QQNDHVX,9.95,1,1
1068301,B0DP1WN77Z,9.95,1,1
1068323,B0GD58V586,9.95,1,1
1068279,B09VC9ZMF9,9.95,1,1
1067300,B0D3QJ7V94,9.95,1,1
1067299,B0FS18MKWS,9.95,1,1
1067292,B0DT66QM51,9.95,1,1
1067293,B0DT66QM51,9.95,1,1
1067294,B0F4QMY7GQ,9.95,1,1
1067295,B0F624DNH2,9.95,1,1
1067291,B0DP2FVYZF,9.95,1,1
1067288,B0DQTFPPXB,9.95,1,1
1068487,B0CJHHWFCT,10.95,1,1
1068485,B0CJHHWFCT,10.95,1,1
1068486,B0CJHHWFCT,10.95,1,1
1068355,B0CWCW49JY,11.95,1,1
1068362,B015R4DWYE,11.95,1,1
1068552,B015R4DWYE,11.95,1,1
1068503,B015R4DWYE,11.95,1,1
1068501,B015R3IN2G,11.95,1,1
1068502,B015R3IN2G,11.95,1,1
1068423,B01GEA813M,11.95,1,1
1068361,B015R3IN2G,11.95,1,1
1068353,B015R4PGM0,11.95,1,1
1068342,B0DWMGSXVS,11.95,1,1
1068341,B0D4F1FNWZ,11.95,1,1
1068340,B0CW9NTXQ9,11.95,1,1
1067290,B0BG2GCDNP,11.95,1,1
1068433,B0DJ6XN9BD,17.95,1,1
1068528,B0C46C1HRV,6.95,1,1
1068431,B0CG8P5YWB,9.95,1,1
1068432,B0CG8P5YWB,9.95,1,1
1068281,B097CDVXFK,9.95,1,1
1068509,B09C5NXRYY,11.95,1,1
1068511,B0DQCRDGC4,11.95,1,1
1068510,B09C5NXRYY,11.95,1,1
1068352,B0CST169VN,11.95,1,1
1068434,B0DX9WV1L5,11.95,1,1
1068545,B0DHZPX6RT,11.95,1,1
1068473,B0CKTT4P4Z,11.95,1,1
1068474,B0CQLP7DNQ,11.95,1,1
1068411,B0CRZG2J8K,9.95,1,1
1068406,B0CRZG2J8K,9.95,1,1
1068407,B0CRZG2J8K,9.95,1,1
1068409,B0CRZG2J8K,9.95,1,1
1068408,B0CRZG2J8K,9.95,1,1
1068410,B0CRZG2J8K,9.95,1,1
1068412,B0CRZG2J8K,9.95,1,1
1068395,B09KC3WR4B,11.95,1,1
1068393,B09KC3YXYD,11.95,1,1
1068394,B08XW4WMMF,11.95,1,1
1068331,B09D7TTXRG,7.95,1,1
1068298,B0CTRQBW3Z,9.95,1,1
1068345,B0DZHL676W,9.95,1,1
1068372,B0DBPBKD76,9.95,1,1
1068370,B0DBPBKD76,9.95,1,1
1068368,B0CCVLK27H,9.95,1,1
1068371,B0DBPBKD76,9.95,1,1
1068373,B0BZRWX2DG,11.95,1,1
1068351,B0CST169VN,11.95,1,1
1068337,B0DZ3P2B54,13.95,1,1
1068314,B0DJJS6XMJ,5.95,1,1
1068315,B0DJJS6XMJ,5.95,1,1
1068346,B0F24W3KPT,9.95,1,1
1068356,B0BZNFH9RZ,9.95,1,1
1068330,B0C66JKP8K,9.95,1,1
1068560,B0B5DPDFLD,9.95,1,1
1068498,B0B5DPDFLD,9.95,1,1
1068478,B0B5DPDFLD,9.95,1,1
1068381,B0B5DPDFLD,9.95,1,1
1068471,B0B5DPDFLD,9.95,1,1
1068470,B0B5DNFCPW,9.95,1,1
1068382,B0B5DNFCPW,9.95,1,1
1068383,B0B5DNFCPW,9.95,1,1
1068384,B0B5DNFCPW,9.95,1,1
1069247,B0F21DCTSL,7.95,1,1
1069248,B0BRN6WGC6,15.95,1,1
1069250,B0FC6716QV,11.95,1,1
1069249,B07H94H1S2,9.95,1,1
1069243,B0D3T7HN9F,11.95,1,1
1069245,B07H94H1S2,9.95,1,1
1069244,B0DPWZB3GW,24.95,1,1
1069235,B0C1J31PDZ,11.95,1,1
1069236,B0C1J3K255,11.95,1,1
1069237,B0BYDPQ855,11.95,1,1
1069238,B0F9FBG97D,11.95,1,1
1069246,B0CX1C571L,17.95,1,1
1069241,B0C7JVRZ8L,24.95,1,1
1069239,B07B7JJYS4,8.95,1,1
1069240,B07B7JJYS4,8.95,1,1
1069226,B0D6FKZYXC,15.95,1,1
1069228,B0CHFBLGWB,16.95,1,1
1069227,B0CVTTB264,15.95,1,1
1069231,B0DRHQCKYH,16.95,1,1
1069232,B08V58NF36,4.95,1,1
1069229,B0DT43R2VN,15.95,1,1
1069233,B0DFH34CV9,14.95,1,1
1069230,B085RDGRYT,11.95,1,1
1069234,B0DR4RWY8P,14.95,1,1
1069242,B0DQNMZX63,12.95,1,1
1069251,B0D9N4MFYF,11.95,1,1
1069252,B0DXCDTB9Q,16.95,1,1
1069253,B0CG32RGY4,15.95,1,1
1069254,B0DXCG7S5Y,16.95,1,1
1069255,B0DR8RKLSF,11.95,1,1
1069256,B0BRN7RPLN,11.95,1,1
1069267,B0BY8SQYVB,11.95,1,1
1069266,B0D177WPTR,11.95,1,1
1069265,B0FC66TG84,17.95,1,1
1069264,B0D1XY37YP,14.95,1,1
1069263,B0CP217QV3,19.95,1,1
1069262,B0D84553W3,11.95,1,1
1069261,B0C495V294,17.95,1,1
1069260,B08HN6F2KR,17.95,1,1
1069259,B0DBHKNHM8,17.95,1,1
1069258,B0CP214LMG,19.95,1,1
1069275,B07TMDPPVC,9.95,1,1
1069276,B0D84BXTD8,11.95,1,1
1069277,B07ZLVF6B3,17.95,1,1
1069278,B0F1JQ1FJ3,19.95,1,1
1069272,B0DN1GD1FB,14.95,1,1
1069268,B0D1XK7B1R,14.95,1,1
1069269,B0DGX6T75F,14.95,1,1
1069270,B0D1XK89N3,14.95,1,1
1069271,B0D77MJ6PY,14.95,1,1
1069274,B07KKD114F,17.95,1,1
1069273,B0C6QMFCLL,7.95,1,1
1069284,B0CQTH5D1D,14.95,1,1
1069285,B0CQTGPPH6,14.95,1,1
1069286,B078D7GNS7,14.95,1,1
1069287,B0BR3YWL93,15.95,1,1
1069293,B0DHZHQ8QN,15.95,1,1
1069292,B0DHZHQ8QN,15.95,1,1
1069291,B0DHZHQ8QN,15.95,1,1
1069290,B0DHZHQ8QN,15.95,1,1
1069289,B0DHZHQ8QN,15.95,1,1
1069288,B0DHZHQ8QN,15.95,1,1
1069294,B0DHZK3RY5,15.95,1,1
1069295,B0DHZJQTFL,15.95,1,1
1069296,B0DHZGFHVM,15.95,1,1
1069297,B0DHZH554D,15.95,1,1
1069298,B0DHZGJ4RZ,15.95,1,1
1069304,B0DJKH7VTV,11.95,1,1
1069303,B08SW4T5FV,4.95,1,1
1069302,B07RW5VRQ1,17.95,1,1
1069301,B0BKKQQJBZ,17.95,1,1
1069300,B0CBTFH48Q,17.95,1,1
1069299,B084C3K7LQ,16.95,1,1
1069305,B0DR6VLG5S,17.95,1,1
1069306,B0C1J2XLB2,11.95,1,1
1069307,B0C1J34MTJ,11.95,1,1
1069308,B0CVTTB264,15.95,1,1
1069309,B0DR6VC52Q,17.95,1,1
1069310,B084MC8QDC,17.95,1,1
1069317,B0C36S88MR,17.95,1,1
1069318,B0C36S88MR,17.95,1,1
1069313,B0C36SJPJG,17.95,1,1
1069314,B0C36SJPJG,17.95,1,1
1069315,B0C36SJPJG,17.95,1,1
1069316,B0C36SJPJG,17.95,1,1
1069312,B08DF7MJRT,17.95,1,1
1069311,B0CJ6G4FPP,17.95,1,1
1069319,B0D53N6V9Z,17.95,1,1
1069320,B083FG4867,17.95,1,1
1069321,B0CDWFTPLQ,14.95,1,1
1069322,B0CDWKBBTY,14.95,1,1
1069323,B0D25LM235,14.95,1,1
1069324,B084FRR5D7,15.95,1,1
1069330,B0D53N5Y98,17.95,1,1
1069329,B0DQ4SX3J4,17.95,1,1
1069328,B0F226R9GQ,17.95,1,1
1069327,B0DPH9NSQF,17.95,1,1
1069326,B0DR6VDW3C,17.95,1,1
1069325,B0DR6VS6PB,17.95,1,1
1069331,B0D1PGBLWQ,19.95,1,1
1069332,B0CDWK873Q,17.95,1,1
1069333,B0CJ6H35SQ,17.95,1,1
1069334,B07ZLMSGMV,14.95,1,1
1069335,B0DPZK8DYK,29.95,1,1
1069336,B0CYLNCVGR,14.95,1,1
1069337,B0D3PX6K52,14.95,1,1
1069338,B0DRJC8VYX,14.95,1,1
1069339,B0DRJ7BXHR,14.95,1,1
1069340,B0DRJCL8QV,14.95,1,1
1069341,B0DRJ9FJX5,14.95,1,1
1069342,B0DRJ9FJX5,14.95,1,1
1069347,B0BTBSL2QF,12.95,1,1
1069346,B0FBQW25FK,14.95,1,1
1069345,B0D56KW578,14.95,1,1
1069344,B0BW47XY3C,22.95,1,1
1069343,B07H94H1S2,9.95,1,1
1069348,B0DPHBCMKM,17.95,1,1
1069349,B0DPHBCMKM,17.95,1,1
1069350,B0DPH6PS19,17.95,1,1
1069351,B0DR6VS58Y,17.95,1,1
1069352,B07RLMSMW4,17.95,1,1
1069353,B07T58KFS8,17.95,1,1
1069367,B074FB28PN,9.95,1,1
1069368,B0DRF97DG7,14.95,1,1
1069363,B0C7WPG9F6,14.95,1,1
1069364,B072NDNZCW,14.95,1,1
1069365,B0BCKNSX3R,14.95,1,1
1069366,B0BLNG11TR,14.95,1,1
1069359,B0CN9BST2L,14.95,1,1
1069360,B0D6YKC9RP,14.95,1,1
1069361,B0D5HHB459,9.95,1,1
1069362,B0CPSC157Q,14.95,1,1
1069356,B0F7GG8WWQ,14.95,1,1
1069357,B0F7GB7KM5,14.95,1,1
1069358,B0F7G9MF7D,14.95,1,1
1069355,B0F7GBMLZ4,14.95,1,1
1069354,B0F7GBMLZ4,14.95,1,1
1069376,B0CZRQC3QC,18.95,1,1
1069375,B0CQCF1BM7,9.95,1,1
1069374,B094HSHHQH,9.95,1,1
1069373,B0DRGC9K28,15.95,1,1
1069372,B0CRYMHNTH,11.95,1,1
1069371,B0BTD69DN5,15.95,1,1
1069385,B0CN6NJJP1,11.95,1,1
1069384,B0CN6NJJP1,11.95,1,1
1069383,B0CN6NJJP1,11.95,1,1
1069382,B0CN6NJJP1,11.95,1,1
1069381,B0DQNMNPVW,15.95,1,1
1069380,B0BRXMBSF2,9.95,1,1
1069378,B0DRG2XJZW,14.95,1,1
1069379,B089KKW7X5,14.95,1,1
1069377,B0DY4JQWLJ,14.95,1,1
1069391,B0CN6NWJVV,11.95,1,1
1069390,B0C498GY2D,17.95,1,1
1069394,B0BCFMKSKT,9.95,1,1
1069393,B0BZQ4PFMG,9.95,1,1
1069392,B0BZQ4PFMG,9.95,1,1
1069389,B0F7GBY5ZJ,14.95,1,1
1069388,B0CZXFTWLG,11.95,1,1
1069387,B0CZXFTWLG,11.95,1,1
1069386,B0CZX94SV4,11.95,1,1
1069395,B0CZXG763B,12.95,1,1
1069396,B0CZXYPKBV,12.95,1,1
1069397,B0CZXYPKBV,12.95,1,1
1069398,B0CZXYPKBV,12.95,1,1
1069399,B0CZXYPKBV,12.95,1,1
1069400,B0CZXYPKBV,12.95,1,1
1069401,B0CZXYPKBV,12.95,1,1
1069402,B0CZXYPKBV,12.95,1,1
1069403,B0CZXYPKBV,12.95,1,1
1069404,B0CZXYPKBV,12.95,1,1
1069405,B0CZXYPKBV,12.95,1,1
1069411,B0CN6PX31P,11.95,1,1
1069410,B0CN6PX31P,11.95,1,1
1069409,B0CN6PX31P,11.95,1,1
1069412,B0CN6N291Q,11.95,1,1
1069413,B0CN6N291Q,11.95,1,1
1069414,B0CN6N291Q,11.95,1,1
1069415,B0CN6N291Q,11.95,1,1
1069416,B0CN6NWJVV,11.95,1,1
1069417,B0CN6NJJP1,11.95,1,1
1069408,B0CZXJ7FK1,12.95,1,1
1069407,B0CZXVBSZD,12.95,1,1
1069406,B0CZX73M4R,12.95,1,1
1069418,B0CZX94SV4,12.95,1,1
1069420,B0CZX4GXP6,12.95,1,1
1069419,B0CZX94SV4,12.95,1,1
1069421,B0CZXYPKBV,12.95,1,1
1069422,B0CZXYPKBV,12.95,1,1
1069423,B0CZXYPKBV,12.95,1,1
1069424,B0CZXYPKBV,12.95,1,1
1069425,B0CZXYPKBV,12.95,1,1
1069426,B0CZXYPKBV,12.95,1,1
1069427,B0CZXYPKBV,12.95,1,1
1069428,B0CZXYPKBV,12.95,1,1
1069429,B0CZXYPKBV,12.95,1,1
1069430,B0CZXYPKBV,12.95,1,1
1069431,B0CZXYPKBV,12.95,1,1
1069432,B0CZXYPKBV,12.95,1,1
1069433,B0CZXYPKBV,12.95,1,1
1069434,B0CZXYPKBV,12.95,1,1
1069435,B0CZXYPKBV,12.95,1,1
1069436,B0CZXYPKBV,12.95,1,1
1069437,B0CZXYPKBV,12.95,1,1
1069438,B0CZXYPKBV,12.95,1,1
1069439,B0CZXYPKBV,12.95,1,1
1069440,B0CZXYPKBV,12.95,1,1
1069441,B0CZXYPKBV,12.95,1,1
1069442,B0CZXYPKBV,12.95,1,1
1069459,B0CZX9HRN2,12.95,1,1
1069458,B0CZX9HRN2,12.95,1,1
1069457,B0CZX9HRN2,12.95,1,1
1069456,B0CZX9HRN2,12.95,1,1
1069455,B0CZX9HRN2,12.95,1,1
1069454,B0CZX9HRN2,12.95,1,1
1069453,B0CZX9HRN2,12.95,1,1
1069452,B0CZX9HRN2,12.95,1,1
1069451,B0CZX9HRN2,12.95,1,1
1069450,B0CZX9HRN2,12.95,1,1
1069449,B0CZX9HRN2,12.95,1,1
1069448,B0CZX9HRN2,12.95,1,1
1069447,B0CZX9HRN2,12.95,1,1
1069446,B0CZX9HRN2,12.95,1,1
1069445,B0CZX9HRN2,12.95,1,1
1069444,B0CZX9HRN2,12.95,1,1
1069443,B0CZX9HRN2,12.95,1,1
1069472,B0CZX73M4R,12.95,1,1
1069471,B0CZX73M4R,12.95,1,1
1069470,B0CZX73M4R,12.95,1,1
1069469,B0CZX73M4R,12.95,1,1
1069468,B0CZX73M4R,12.95,1,1
1069467,B0CZX73M4R,12.95,1,1
1069466,B0CZX73M4R,12.95,1,1
1069465,B0CZX73M4R,12.95,1,1
1069464,B0CZX73M4R,12.95,1,1
1069463,B0CZX73M4R,12.95,1,1
1069462,B0CZX73M4R,12.95,1,1
1069461,B0CZX73M4R,12.95,1,1
1069460,B0CZX73M4R,12.95,1,1
1069473,B0CZXJ7FK1,12.95,1,1
1069477,B08SR724WX,17.95,1,1
1069476,B0F3X5JZ8V,17.95,1,1
1069475,B0CQ1YRBJJ,17.95,1,1
1069474,B0CW655PTQ,12.95,1,1
1069478,B0CZX94SV4,12.95,1,1
1069479,B0CZXYPKBV,12.95,1,1
1069480,B08TSSJWXV,17.95,1,1
1069481,B0DHZ1ZBKC,14.95,1,1
1069482,B0DHZ1ZBKC,14.95,1,1
1069483,B0DHZ1ZBKC,14.95,1,1
1069484,B0DHZ1ZBKC,14.95,1,1
1069485,B0DHZ1ZBKC,14.95,1,1
1069486,B0DHZ1ZBKC,14.95,1,1
1069487,B0DHZ1ZBKC,14.95,1,1
1069488,B0DRG2XJZW,14.95,1,1
1069489,B0DRG2XJZW,14.95,1,1
1069490,B0DRJCGXLB,14.95,1,1
1069491,B0DY4JQWLJ,14.95,1,1
1069492,B0DY4JQWLJ,14.95,1,1
1069493,B0DY4JQWLJ,14.95,1,1
1069494,B0DHZ1H2H3,14.95,1,1
1069495,B0DHZ1WKXY,14.95,1,1
1069496,B0DY3S1GNN,14.95,1,1
1069497,B0DY3LGBCD,14.95,1,1
1069498,B0DRG3YB98,14.95,1,1
1069499,B0DRJ9RSJQ,14.95,1,1
1069500,B089KM3TXH,14.95,1,1
1069501,B0CZXVDDM5,17.95,1,1
1069502,B07PYZHLWJ,14.95,1,1
1069503,B07PVR9ZVZ,14.95,1,1
1069507,B0DP8MKG58,19.95,1,1
1069506,B0F9PMQF8H,14.95,1,1
1069505,B0DNJS9617,14.95,1,1
1069504,B0DQD4RSG2,14.95,1,1
1069508,B0CQP756SJ,26.95,1,1
1069509,B08VFFMVK6,17.95,1,1
1069510,B0DKN7GJCH,14.95,1,1
1068604,B0F43SVNYR,11.95,2,1
1068602,B0F43SVNYR,11.95,2,1
1068607,B09JW2FQQQ,11.95,2,1
1068626,B0FD39G92L,8.95,2,1
1068625,B0FD39G92L,8.95,2,1
1068624,B0FD39G92L,8.95,2,1
1068623,B0FD39G92L,8.95,2,1
1068613,B0FJ8G752B,12.95,2,1
1068612,B0FJ8G752B,12.95,2,1
1068637,B0DKNDTKVC,8.95,2,1
1068638,B0DKNDTKVC,8.95,2,1
1068644,B0DZ2L25JG,9.95,2,1
1068643,B0DZ2L25JG,9.95,2,1
1068805,B0BVWLQ6VQ,24.95,2,1
1068809,B0DSB75K8N,26.95,2,1
1068820,B0CC2B3H97,24.95,2,1
1068819,B0CC2B3H97,24.95,2,1
1068845,B0CYT98G87,4.95,2,1
1068844,B0CYT98G87,4.95,2,1
1068843,B0CYT98G87,4.95,2,1
1068842,B0CYT98G87,4.95,2,1
1068841,B0CYT98G87,4.95,2,1
1068840,B0CYT98G87,4.95,2,1
1068839,B0CYT98G87,4.95,2,1
1068838,B0CYT98G87,4.95,2,1
1068837,B0CYT98G87,4.95,2,1
1068836,B0CYT98G87,4.95,2,1
1068879,B0CYT98G87,4.95,2,1
1068880,B0CYT98G87,4.95,2,1
1068881,B0CYT98G87,4.95,2,1
1068882,B0CYT98G87,4.95,2,1
1068883,B0CYT98G87,4.95,2,1
1068884,B0CYT98G87,4.95,2,1
1068885,B0CYT98G87,4.95,2,1
1068886,B0CYT98G87,4.95,2,1
1068887,B0CYT98G87,4.95,2,1
1068888,B0CYT98G87,4.95,2,1
1068889,B0CYT98G87,4.95,2,1
1068890,B0CYT98G87,4.95,2,1
1068911,B0FPF3PFZF,24.95,2,1
1067289,B0CSFVX4M6,7.95,2,1
1068499,B0C6XFFMC7,9.95,2,1
1068452,B0C1SLHN9R,9.95,2,1
1068437,B09TKMRDWD,9.95,2,1
1068559,B095JWMVSS,9.95,2,1
1068446,B0BP79DYK4,9.95,2,1
1068447,B0BP79DYK4,9.95,2,1
1068453,B09P8BVYSS,9.95,2,1
1068500,B0B3LDNS4T,9.95,2,1
1068440,B0D96476FN,9.95,2,1
1068439,B0D96476FN,9.95,2,1
1068497,B0D96476FN,9.95,2,1
1068430,B0C9C9W2S6,9.95,2,1
1068456,B0C9BZJTXD,9.95,2,1
1068429,B0C9BZJTXD,9.95,2,1
1068422,B0B3LDNS4T,9.95,2,1
1068421,B0B3LDNS4T,9.95,2,1
1068420,B0B3LDNS4T,9.95,2,1
1068369,B0C9C9ZVHR,9.95,2,1
1068359,B0DDSHN2H3,9.95,2,1
1068358,B0DCVLC5NR,9.95,2,1
1068413,B0CGZPXLZ5,9.95,2,1
1068436,B0CGZPXFP8,9.95,2,1
1068338,B0DZD96QPL,9.95,2,1
1068339,B0DZDBBWJ2,9.95,2,1
1068349,B0F7XQDR4N,9.95,2,1
1068332,B0F4DGW28F,9.95,2,1
1068327,B0BZY717JQ,9.95,2,1
1068328,B07FZZD564,9.95,2,1
1068329,B09S8K2RPK,9.95,2,1
1068488,B0C9C9W2S6,9.95,2,1
1068285,B09D7GRMJS,9.95,2,1
1068325,B09D7GRMJS,9.95,2,1
1068311,B09D6ZCVLX,9.95,2,1
1068306,B09QQNDHVX,9.95,2,1
1068300,B0DFGYXJ66,9.95,2,1
1068299,B0F1YL3BWC,9.95,2,1
1068322,B0FJM2F1GQ,9.95,2,1
1068493,B0CLV36SH4,9.95,2,1
1068491,B0CLV31LJ6,9.95,2,1
1068492,B0CLV3XTTZ,9.95,2,1
1068489,B0CLV184DC,9.95,2,1
1068490,B0CLV23PWF,9.95,2,1
1068305,B09QQNDHVX,9.95,2,1
1068308,B09QQNDHVX,9.95,2,1
1068303,B0912NGVJB,9.95,2,1
1068302,B08P77BDJ8,9.95,2,1
1068304,B09QQMKNHK,9.95,2,1
1067298,B07TD425SR,9.95,2,1
1068283,B0CP98CJBW,9.95,2,1
1068282,B0FL1Z5SKL,9.95,2,1
1068316,B0CZPF64HT,9.95,2,1
1068317,B0CZPF64HT,9.95,2,1
1068318,B0CZPF64HT,9.95,2,1
1068319,B0CZPF64HT,9.95,2,1
1068320,B0CZPF64HT,9.95,2,1
1068321,B0CZPF64HT,9.95,2,1
1068297,B0CZPF64HT,9.95,2,1
1068296,B0CZPF64HT,9.95,2,1
1068295,B0CZPF64HT,9.95,2,1
1068293,B0CZPF64HT,9.95,2,1
1068292,B0CZPF64HT,9.95,2,1
1068286,B0CZPF64HT,9.95,2,1
1068291,B0CZPF64HT,9.95,2,1
1068290,B0CZPF64HT,9.95,2,1
1068289,B0CZPF64HT,9.95,2,1
1068288,B0CZPF64HT,9.95,2,1
1068287,B0CZPF64HT,9.95,2,1
1068294,B0CZPF64HT,9.95,2,1
1067297,B0BRMK64Y3,10.95,2,1
1068365,B09C21VK63,10.95,2,1
1068360,B096R73BYK,10.95,2,1
1068280,B0DH292JYQ,13.95,2,1
1068557,B0DH26BX2S,13.95,2,1
1068506,B08TBDBKGS,14.95,2,1
1068508,B08TBDXG3H,14.95,2,1
1068507,B08TBDBKGS,14.95,2,1
1068343,B0CLJ88X9L,11.95,2,1
1068347,B08WHWTMZS,11.95,2,1
1068475,B0CQLP7DNQ,11.95,2,1
1068476,B0DKTTFHCP,11.95,2,1
1068435,B0CQRCCNKZ,11.95,2,1
1068504,B0CYLKWW2Q,11.95,2,1
1068558,B0D1QZYTDT,11.95,2,1
1068405,B08PPGFKL7,11.95,2,1
1068403,B08PPGFKL7,11.95,2,1
1068396,B08PPGFKL7,11.95,2,1
1068404,B08PPGFKL7,11.95,2,1
1068505,B0CYLKWW2Q,11.95,2,1
1068606,B09JW2FQQQ,11.95,3,1
1068599,B0F43SVNYR,11.95,3,1
1068603,B0F43SVNYR,11.95,3,1
1068278,B0913DGXVR,21.95,3,1
1068620,B0FD39G92L,8.95,3,1
1068619,B0FD39G92L,8.95,3,1
1068618,B0FD39G92L,8.95,3,1
1068617,B0FD39G92L,8.95,3,1
1068614,B0FJ8G752B,12.95,3,1
1068615,B0FJ8G752B,12.95,3,1
1068616,B0F4K7YSDD,21.95,3,1
1068630,B0GC73QG71,19.95,3,1
1068632,B0DL9XWT8K,9.95,3,1
1068639,B0DKNDTKVC,8.95,3,1
1068640,B0DKNDTKVC,8.95,3,1
1068642,B0DZ2L25JG,9.95,3,1
1068641,B0DZ2L25JG,9.95,3,1
1068804,B0BVWLQ6VQ,24.95,3,1
1068810,B0DSB75K8N,26.95,3,1
1068815,B0CC2B3H97,24.95,3,1
1068816,B0CC2B3H97,24.95,3,1
1068835,B0CYT98G87,4.95,3,1
1068834,B0CYT98G87,4.95,3,1
1068833,B0CYT98G87,4.95,3,1
1068832,B0CYT98G87,4.95,3,1
1068831,B0CYT98G87,4.95,3,1
1068830,B0CYT98G87,4.95,3,1
1068829,B0CYT98G87,4.95,3,1
1068828,B0CYT98G87,4.95,3,1
1068827,B0CYT98G87,4.95,3,1
1068826,B0CYT98G87,4.95,3,1
1068866,B0CYT98G87,4.95,3,1
1068867,B0CYT98G87,4.95,3,1
1068868,B0CYT98G87,4.95,3,1
1068869,B0CYT98G87,4.95,3,1
1068870,B0CYT98G87,4.95,3,1
1068871,B0CYT98G87,4.95,3,1
1068872,B0CYT98G87,4.95,3,1
1068873,B0CYT98G87,4.95,3,1
1068874,B0CYT98G87,4.95,3,1
1068875,B0CYT98G87,4.95,3,1
1068876,B0CYT98G87,4.95,3,1
1068877,B0CYT98G87,4.95,3,1
1068878,B0CYT98G87,4.95,3,1
1068906,B0CYT98G87,4.95,3,1
1068912,B0G1YDX1WX,34.95,3,1
1068913,B0CSNNLJ5L,34.95,3,1
1068910,B0FPF3QB77,24.95,3,1
1069511,B0CGRH4Z1Q,3.95,3,1
1069512,B0CGRH4Z1Q,3.95,3,1
1069513,B0CGRH4Z1Q,3.95,3,1
1069514,B0CGRH4Z1Q,3.95,3,1
1069515,B0CGRH4Z1Q,3.95,3,1
1069516,B0CGRH4Z1Q,3.95,3,1
1069517,B0CGRH4Z1Q,3.95,3,1
1069518,B0CGRH4Z1Q,3.95,3,1
1069519,B0CGRH4Z1Q,3.95,3,1
1069520,B0CGRH4Z1Q,3.95,3,1
1069521,B0DLMT3LN3,3.95,3,1
1069522,B0DLMT3LN3,3.95,3,1
1069523,B0DLMT3LN3,3.95,3,1
1069524,B0DLMT3LN3,3.95,3,1
1069525,B0DLMT3LN3,3.95,3,1
1069526,B0DLMT3LN3,3.95,3,1
1069527,B0DLMT3LN3,3.95,3,1
1069528,B0DLMT3LN3,3.95,3,1
1069529,B0DLMT3LN3,3.95,3,1
1069530,B0DLMT3LN3,3.95,3,1
1069531,B0DGL3QHRP,6.95,3,1
1069532,B0DGL3QHRP,6.95,3,1
1069533,B0DGL3QHRP,6.95,3,1
1069534,B0DGL3QHRP,6.95,3,1
1069535,B0DGL3QHRP,6.95,3,1
1069543,B09JC86WNK,12.95,3,1
1069536,B09JC86WNK,12.95,3,1
1069541,B09JC86WNK,12.95,3,1
1069537,B09JC86WNK,12.95,3,1
1069542,B09JC86WNK,12.95,3,1
1069540,B09JC86WNK,12.95,3,1
1069539,B09JC86WNK,12.95,3,1
1069538,B09JC86WNK,12.95,3,1
1069544,B0DTYXQTG7,16.95,3,1
1069545,B0DX6RNF4Q,2.95,3,1
1069546,B0DX6RNF4Q,2.95,3,1
1069547,B0DX6RNF4Q,2.95,3,1
1069548,B0DX6RNF4Q,2.95,3,1
1069549,B0DX6RNF4Q,2.95,3,1
1069550,B0DX6RNF4Q,2.95,3,1